CREATE DATABASE  IF NOT EXISTS `fire-timesheet` /*!40100 DEFAULT CHARACTER SET utf8 */;
USE `fire-timesheet`;
-- MySQL dump 10.13  Distrib 5.7.12, for Win64 (x86_64)
--
-- Host: localhost    Database: fire-timesheet
-- ------------------------------------------------------
-- Server version	5.7.17-log

/*!40101 SET @OLD_CHARACTER_SET_CLIENT=@@CHARACTER_SET_CLIENT */;
/*!40101 SET @OLD_CHARACTER_SET_RESULTS=@@CHARACTER_SET_RESULTS */;
/*!40101 SET @OLD_COLLATION_CONNECTION=@@COLLATION_CONNECTION */;
/*!40101 SET NAMES utf8 */;
/*!40103 SET @OLD_TIME_ZONE=@@TIME_ZONE */;
/*!40103 SET TIME_ZONE='+00:00' */;
/*!40014 SET @OLD_UNIQUE_CHECKS=@@UNIQUE_CHECKS, UNIQUE_CHECKS=0 */;
/*!40014 SET @OLD_FOREIGN_KEY_CHECKS=@@FOREIGN_KEY_CHECKS, FOREIGN_KEY_CHECKS=0 */;
/*!40101 SET @OLD_SQL_MODE=@@SQL_MODE, SQL_MODE='NO_AUTO_VALUE_ON_ZERO' */;
/*!40111 SET @OLD_SQL_NOTES=@@SQL_NOTES, SQL_NOTES=0 */;

--
-- Table structure for table `attendancerecord`
--

DROP TABLE IF EXISTS `attendancerecord`;
/*!40101 SET @saved_cs_client     = @@character_set_client */;
/*!40101 SET character_set_client = utf8 */;
CREATE TABLE `attendancerecord` (
  `id` bigint(20) NOT NULL AUTO_INCREMENT,
  `date` datetime DEFAULT NULL,
  `location` varchar(255) DEFAULT NULL,
  `Barcode` varchar(255) DEFAULT NULL,
  `Timeslot` varchar(255) DEFAULT NULL,
  PRIMARY KEY (`id`),
  KEY `FK_eoj649w62uakxeq6u13o246fn` (`location`),
  KEY `FK_busnrbpswmiquyj4dm77mysxv` (`Barcode`),
  KEY `FK_t74mk64ht9rexqmqwugubj7q3` (`Timeslot`),
  CONSTRAINT `FK_busnrbpswmiquyj4dm77mysxv` FOREIGN KEY (`Barcode`) REFERENCES `student` (`barCode`),
  CONSTRAINT `FK_eoj649w62uakxeq6u13o246fn` FOREIGN KEY (`location`) REFERENCES `location` (`shortname`),
  CONSTRAINT `FK_t74mk64ht9rexqmqwugubj7q3` FOREIGN KEY (`Timeslot`) REFERENCES `timeslot` (`abbrv`)
) ENGINE=InnoDB AUTO_INCREMENT=1529 DEFAULT CHARSET=utf8;
/*!40101 SET character_set_client = @saved_cs_client */;

--
-- Dumping data for table `attendancerecord`
--

LOCK TABLES `attendancerecord` WRITE;
/*!40000 ALTER TABLE `attendancerecord` DISABLE KEYS */;
INSERT INTO `attendancerecord` VALUES (1,'2016-11-17 00:00:00','DB','1100105475231','AM'),(2,'2016-11-17 00:00:00','DB','1100102207621','AM'),(3,'2016-11-17 00:00:00','DB','1100105475231','AM'),(4,'2016-11-17 00:00:00','DB','1100102207621','AM'),(5,'2016-11-17 00:00:00','DB','1100105475231','AM'),(6,'2016-11-17 00:00:00','DB','1100102207621','AM'),(7,'2016-11-17 00:00:00','DB','1100101590211','AM'),(8,'2016-11-17 00:00:00','DB','1100105475231','AM'),(9,'2016-11-17 00:00:00','DB','1100105475231','AM'),(10,'2016-11-17 00:00:00','DB','1100105475231','AM'),(11,'2016-11-17 00:00:00','DB','1100105475231','AM'),(12,'2016-11-17 00:00:00','DB','1100102207621','AM'),(13,'2016-11-17 00:00:00','DB','1100105475231','AM'),(14,'2016-11-17 00:00:00','DB','1100102207621','AM'),(15,'2016-11-17 00:00:00','DB','1100105475231','AM'),(16,'2016-11-17 00:00:00','DB','1100101445450','AM'),(17,'2016-11-17 00:00:00','DB','1100102207621','AM'),(18,'2016-11-17 00:00:00','DB','1100105475231','AM'),(19,'2016-11-17 00:00:00','DB','1100102207621','AM'),(20,'2016-11-17 00:00:00','DB','1100102207621','AM'),(21,'2016-11-17 00:00:00','DB','1100102207621','AM'),(22,'2016-11-17 00:00:00','DB','1100102207621','AM'),(23,'2016-11-17 00:00:00','DB','1100102207621','AM'),(24,'2016-11-17 00:00:00','DB','1100102207621','AM'),(25,'2016-11-17 00:00:00','DB','1100102207621','AM'),(26,'2016-11-17 00:00:00','DB','1100105475231','AM'),(27,'2016-11-17 00:00:00','DB','1100102207621','AM'),(28,'2016-11-17 00:00:00','DB','1100103493806','AM'),(29,'2016-11-21 00:00:00','DB','1100101590211','AM'),(30,'2016-11-21 00:00:00','DB','1100102207621','AM'),(31,'2016-11-21 00:00:00','DB','1100105475231','AM'),(32,'2016-11-21 00:00:00','DB','1100105475231','AM'),(33,'2016-11-21 00:00:00','DB','1100105475231','AM'),(34,'2016-11-21 00:00:00','DB','1100105475231','AM'),(35,'2016-11-21 00:00:00','DB','1100102207621','AM'),(36,'2016-11-21 00:00:00','DB','1100102207621','AM'),(37,'2016-11-21 00:00:00','DB','1100102207621','AM'),(38,'2016-11-21 00:00:00','DB','1100105475231','AM'),(39,'2016-11-21 00:00:00','DB','1100102207621','AM'),(40,'2016-11-21 00:00:00','DB','1100102207621','AM'),(41,'2016-11-21 00:00:00','DB','1100102207621','AM'),(42,'2016-11-21 00:00:00','DB','1100102207621','AM'),(43,'2016-11-21 00:00:00','DB','1100102207621','AM'),(44,'2016-11-21 00:00:00','DB','1100105475231','AM'),(45,'2016-11-21 00:00:00','DB','1100101445450','AM'),(46,'2016-11-21 00:00:00','DB','1100105475231','AM'),(47,'2016-11-21 00:00:00','DB','1100105475231','AM'),(48,'2016-11-21 00:00:00','DB','1100105475231','AM'),(49,'2016-11-21 00:00:00','DB','1100105475231','AM'),(50,'2016-11-21 00:00:00','DB','1100103493806','AM'),(51,'2016-11-21 00:00:00','DB','1100102207621','AM'),(52,'2016-11-21 00:00:00','DB','1100101590211','AM'),(53,'2016-11-21 00:00:00','DB','1100105475231','AM'),(54,'2016-11-21 00:00:00','DB','1100105475231','AM'),(55,'2016-11-21 00:00:00','DB','1100102207621','AM'),(56,'2016-11-21 00:00:00','DB','1100102207621','AM'),(57,'2016-11-21 00:00:00','DB','1100105475231','AM'),(58,'2016-11-21 00:00:00','DB','1100102207621','AM'),(59,'2016-11-21 00:00:00','DB','1100102207621','AM'),(60,'2016-11-21 00:00:00','DB','1100102207621','AM'),(61,'2016-11-21 00:00:00','DB','1100102207621','AM'),(62,'2016-11-21 00:00:00','DB','1100102207621','AM'),(63,'2016-11-21 00:00:00','DB','1100105475231','AM'),(64,'2016-11-21 00:00:00','DB','1100102207621','AM'),(65,'2016-11-21 00:00:00','DB','1100105475231','AM'),(66,'2016-11-22 00:00:00','DB','1100105475231','AM'),(67,'2016-11-22 00:00:00','DB','1100105475231','AM'),(68,'2016-11-22 00:00:00','DB','1100105475231','AM'),(69,'2016-11-22 00:00:00','DB','1100102207621','AM'),(70,'2016-11-22 00:00:00','DB','1100105475231','AM'),(71,'2016-11-22 00:00:00','DB','1100105475231','AM'),(72,'2016-11-22 00:00:00','DB','1100105475231','AM'),(73,'2016-11-22 00:00:00','DB','1100101590211','AM'),(74,'2016-11-22 00:00:00','DB','1100102207621','AM'),(75,'2016-11-22 00:00:00','DB','1100102207621','AM'),(76,'2016-11-22 00:00:00','DB','1100102207621','AM'),(77,'2016-11-22 00:00:00','DB','1100102207621','AM'),(78,'2016-11-22 00:00:00','DB','1100102207621','AM'),(79,'2016-11-22 00:00:00','DB','1100102207621','AM'),(80,'2016-11-22 00:00:00','DB','1100105475231','AM'),(81,'2016-11-22 00:00:00','DB','1100105475231','AM'),(82,'2016-11-22 00:00:00','DB','1100105475231','AM'),(83,'2016-11-22 00:00:00','DB','1100105475231','AM'),(84,'2016-11-22 00:00:00','DB','1100102207621','AM'),(85,'2016-11-22 00:00:00','DB','1100102207621','AM'),(86,'2016-11-22 00:00:00','DB','1100102207621','AM'),(87,'2016-11-22 00:00:00','DB','1100102207621','AM'),(88,'2016-11-22 00:00:00','DB','1100102207621','AM'),(89,'2016-11-22 00:00:00','DB','1100102207621','AM'),(90,'2016-11-22 00:00:00','DB','1100105475231','AM'),(91,'2016-11-22 00:00:00','DB','1100102207621','AM'),(92,'2016-11-22 00:00:00','DB','1100102207621','AM'),(93,'2016-11-22 00:00:00','DB','1100102207621','AM'),(94,'2016-11-23 00:00:00','DB','1100102207621','AM'),(95,'2016-11-23 00:00:00','DB','1100102207621','AM'),(96,'2016-11-23 00:00:00','DB','1100102207621','AM'),(97,'2016-11-23 00:00:00','DB','1100105475231','AM'),(98,'2016-11-23 00:00:00','DB','1100105475231','AM'),(99,'2016-11-23 00:00:00','DB','1100101590211','AM'),(100,'2016-11-23 00:00:00','DB','1100102207621','AM'),(101,'2016-11-23 00:00:00','DB','1100102207621','AM'),(102,'2016-11-23 00:00:00','DB','1100102207621','AM'),(103,'2016-11-23 00:00:00','DB','1100102207621','AM'),(104,'2016-11-23 00:00:00','DB','1100105475231','AM'),(105,'2016-11-23 00:00:00','DB','1100105475231','AM'),(106,'2016-11-23 00:00:00','DB','1100105475231','AM'),(107,'2016-11-25 00:00:00','DB','1100105475231','AM'),(108,'2016-11-25 00:00:00','DB','1100105475231','AM'),(109,'2016-11-25 00:00:00','DB','1100102207621','AM'),(110,'2016-11-25 00:00:00','DB','1100105475231','AM'),(111,'2016-11-25 00:00:00','DB','1100102207621','AM'),(112,'2016-11-26 00:00:00','DB','1100105475231','AM'),(113,'2016-11-26 00:00:00','DB','1100102207621','AM'),(114,'2016-11-26 00:00:00','DB','1100102207621','AM'),(115,'2016-11-26 00:00:00','DB','1100105475231','AM'),(116,'2016-11-26 00:00:00','DB','1100102207621','AM'),(117,'2016-11-26 00:00:00','DB','1100105475231','AM'),(118,'2016-11-26 00:00:00','DB','1100102207621','AM'),(119,'2016-11-26 00:00:00','DB','1100105475231','AM'),(120,'2016-11-26 00:00:00','DB','1100102207621','AM'),(121,'2016-11-26 00:00:00','DB','1100101590211','AM'),(122,'2016-11-28 00:00:00','DB','1100105475231','AM'),(123,'2016-11-28 00:00:00','DB','1100105475231','AM'),(124,'2016-11-28 00:00:00','DB','1100101590211','AM'),(125,'2016-11-28 00:00:00','DB','1100102207621','AM'),(126,'2016-11-28 00:00:00','DB','1100102207621','AM'),(127,'2016-11-28 00:00:00','DB','1100105475231','AM'),(128,'2016-11-28 00:00:00','DB','1100105475231','AM'),(129,'2016-11-28 00:00:00','DB','1100105475231','AM'),(130,'2016-11-28 00:00:00','DB','1100102207621','AM'),(131,'2016-11-28 00:00:00','DB','1100102207621','AM'),(132,'2016-11-28 00:00:00','DB','1100102207621','AM'),(133,'2016-11-28 00:00:00','DB','1100102207621','AM'),(134,'2016-11-28 00:00:00','DB','1100102207621','AM'),(135,'2016-11-28 00:00:00','DB','1100105475231','AM'),(136,'2016-11-28 00:00:00','DB','1100105475231','AM'),(137,'2016-11-28 00:00:00','DB','1100105475231','AM'),(138,'2016-11-28 00:00:00','DB','1100102207621','AM'),(139,'2016-11-28 00:00:00','DB','1100103493806','AM'),(140,'2016-11-29 00:00:00','DB','1100102207621','AM'),(141,'2016-11-29 00:00:00','DB','1100105475231','AM'),(142,'2016-11-29 00:00:00','DB','1100105475231','AM'),(143,'2016-11-29 00:00:00','DB','1100102207621','AM'),(144,'2016-11-29 00:00:00','DB','1100102207621','AM'),(145,'2016-11-29 00:00:00','DB','1100105475231','AM'),(146,'2016-11-29 00:00:00','DB','1100101590211','AM'),(147,'2016-11-29 00:00:00','DB','1100105475231','AM'),(148,'2016-11-29 00:00:00','DB','1100102207621','AM'),(149,'2016-11-29 00:00:00','DB','1100102207621','AM'),(150,'2016-11-29 00:00:00','DB','1100102207621','AM'),(151,'2016-11-29 00:00:00','DB','1100105475231','AM'),(152,'2016-11-29 00:00:00','DB','1100102207621','AM'),(153,'2016-11-29 00:00:00','DB','1100102207621','AM'),(154,'2016-11-29 00:00:00','DB','1100105475231','AM'),(155,'2016-11-29 00:00:00','DB','1100102207621','AM'),(156,'2016-11-29 00:00:00','DB','1100105475231','AM'),(157,'2016-11-29 00:00:00','DB','1100105475231','AM'),(158,'2016-11-29 00:00:00','DB','1100105475231','AM'),(159,'2016-11-30 00:00:00','DB','1100102207621','AM'),(160,'2016-11-30 00:00:00','DB','1100105475231','AM'),(161,'2016-11-30 00:00:00','DB','1100105475231','AM'),(162,'2016-11-30 00:00:00','DB','1100101590211','AM'),(163,'2016-11-30 00:00:00','DB','1100102207621','AM'),(164,'2016-11-30 00:00:00','DB','1100102207621','AM'),(165,'2016-11-30 00:00:00','DB','1100102207621','AM'),(166,'2016-11-30 00:00:00','DB','1100105475231','AM'),(167,'2016-11-30 00:00:00','DB','1100102207621','AM'),(168,'2016-11-30 00:00:00','DB','1100102207621','AM'),(169,'2016-11-30 00:00:00','DB','1100105475231','AM'),(170,'2016-11-30 00:00:00','DB','1100105475231','AM'),(171,'2016-11-30 00:00:00','DB','1100102207621','AM'),(172,'2016-11-30 00:00:00','DB','1100102207621','AM'),(173,'2016-12-01 00:00:00','DB','1100102207621','AM'),(174,'2016-12-01 00:00:00','DB','1100102207621','AM'),(175,'2016-12-01 00:00:00','DB','1100101590211','AM'),(176,'2016-12-01 00:00:00','DB','1100102207621','AM'),(177,'2016-12-01 00:00:00','DB','1100105475231','AM'),(178,'2016-12-01 00:00:00','DB','1100105475231','AM'),(179,'2016-12-01 00:00:00','DB','1100105475231','AM'),(180,'2016-12-01 00:00:00','DB','1100102207621','AM'),(181,'2016-12-01 00:00:00','DB','1100102207621','AM'),(182,'2016-12-01 00:00:00','DB','1100105475231','AM'),(183,'2016-12-01 00:00:00','DB','1100105475231','AM'),(184,'2016-12-01 00:00:00','DB','1100102207621','AM'),(185,'2016-12-01 00:00:00','DB','1100105475231','AM'),(186,'2016-12-02 00:00:00','DB','1100105475231','AM'),(187,'2016-12-02 00:00:00','DB','1100102207621','AM'),(188,'2016-12-02 00:00:00','DB','1100105475231','AM'),(189,'2016-12-02 00:00:00','DB','1100102207621','AM'),(190,'2016-12-02 00:00:00','DB','1100102207621','AM'),(191,'2016-12-02 00:00:00','DB','1100102207621','AM'),(192,'2016-12-02 00:00:00','DB','1100105475231','AM'),(193,'2016-12-02 00:00:00','DB','1100105475231','AM'),(194,'2016-12-02 00:00:00','DB','1100105475231','AM'),(195,'2016-12-02 00:00:00','DB','1100105475231','AM'),(196,'2016-12-02 00:00:00','DB','1100105475231','AM'),(197,'2016-12-02 00:00:00','DB','1100101590211','AM'),(198,'2016-12-02 00:00:00','DB','1100102207621','AM'),(199,'2016-12-02 00:00:00','DB','1100105475231','AM'),(200,'2016-12-03 00:00:00','DB','1100102207621','AM'),(201,'2016-12-03 00:00:00','DB','1100105475231','AM'),(202,'2016-12-03 00:00:00','DB','1100102207621','AM'),(203,'2016-12-03 00:00:00','DB','1100105475231','AM'),(204,'2016-12-03 00:00:00','DB','1100102207621','AM'),(205,'2016-12-03 00:00:00','DB','1100102207621','AM'),(206,'2016-12-03 00:00:00','DB','1100105475231','AM'),(207,'2016-12-03 00:00:00','DB','1100105475231','AM'),(208,'2016-12-03 00:00:00','DB','1100102207621','AM'),(209,'2016-12-03 00:00:00','DB','1100105475231','AM'),(210,'2016-12-03 00:00:00','DB','1100102207621','AM'),(211,'2016-12-03 00:00:00','DB','1100103493806','AM'),(212,'2016-12-03 00:00:00','DB','1100105475231','AM'),(213,'2016-12-03 00:00:00','DB','1100102207621','AM'),(214,'2016-12-03 00:00:00','DB','1100103493806','AM'),(215,'2016-12-03 00:00:00','DB','1100103493806','AM'),(216,'2016-12-03 00:00:00','DB','1100102207621','AM'),(217,'2016-12-03 00:00:00','DB','1100105475231','AM'),(218,'2016-12-03 00:00:00','DB','1100102207621','AM'),(219,'2016-12-03 00:00:00','DB','1100101590211','AM'),(220,'2016-12-03 00:00:00','DB','1100102207621','AM'),(221,'2016-12-03 00:00:00','DB','1100105475231','AM'),(222,'2016-12-03 00:00:00','DB','1100102207621','AM'),(223,'2016-12-03 00:00:00','DB','1100105475231','AM'),(224,'2016-12-03 00:00:00','DB','1100103493806','AM'),(225,'2016-12-03 00:00:00','DB','1100105475231','AM'),(226,'2016-12-03 00:00:00','DB','1100105475231','AM'),(227,'2016-12-03 00:00:00','DB','1100105475231','AM'),(228,'2016-12-03 00:00:00','DB','1100102207621','AM'),(229,'2016-12-03 00:00:00','DB','1100103493806','AM'),(230,'2016-12-03 00:00:00','DB','1100102207621','AM'),(231,'2016-12-03 00:00:00','DB','1100105475231','AM'),(232,'2016-12-03 00:00:00','DB','1100105475231','AM'),(233,'2016-12-05 00:00:00','DB','1100102207621','AM'),(234,'2016-12-05 00:00:00','DB','1100102207621','AM'),(235,'2016-12-05 00:00:00','DB','1100102207621','AM'),(236,'2016-12-05 00:00:00','DB','1100105475231','AM'),(237,'2016-12-05 00:00:00','DB','1100101590211','AM'),(238,'2016-12-05 00:00:00','DB','1100105475231','AM'),(239,'2016-12-05 00:00:00','DB','1100105475231','AM'),(240,'2016-12-05 00:00:00','DB','1100105475231','AM'),(241,'2016-12-05 00:00:00','DB','1100102207621','AM'),(242,'2016-12-05 00:00:00','DB','1100102207621','AM'),(243,'2016-12-05 00:00:00','DB','1100102207621','AM'),(244,'2016-12-05 00:00:00','DB','1100102207621','AM'),(245,'2016-12-05 00:00:00','DB','1100102207621','AM'),(246,'2016-12-05 00:00:00','DB','1100105475231','AM'),(247,'2016-12-05 00:00:00','DB','1100105475231','AM'),(248,'2016-12-05 00:00:00','DB','1100105475231','AM'),(249,'2016-12-05 00:00:00','DB','1100105475231','AM'),(250,'2016-12-05 00:00:00','DB','1100105475231','AM'),(251,'2016-12-05 00:00:00','DB','1100101590211','AM'),(252,'2016-12-05 00:00:00','DB','1100102207621','AM'),(253,'2016-12-05 00:00:00','DB','1100102207621','AM'),(254,'2016-12-05 00:00:00','DB','1100102207621','AM'),(255,'2016-12-05 00:00:00','DB','1100105475231','AM'),(256,'2016-12-05 00:00:00','DB','1100105475231','AM'),(257,'2016-12-05 00:00:00','DB','1100102207621','AM'),(258,'2016-12-05 00:00:00','DB','1100103493806','AM'),(259,'2016-12-05 00:00:00','DB','1100102207621','AM'),(260,'2016-12-05 00:00:00','DB','1100105475231','AM'),(261,'2016-12-05 00:00:00','DB','1100105475231','AM'),(262,'2016-12-05 00:00:00','DB','1100103493806','AM'),(263,'2016-12-05 00:00:00','DB','1100102207621','AM'),(264,'2016-12-05 00:00:00','DB','1100105475231','AM'),(265,'2016-12-06 00:00:00','DB','1100103493806','AM'),(266,'2016-12-06 00:00:00','DB','1100102207621','AM'),(267,'2016-12-06 00:00:00','DB','1100102207621','AM'),(268,'2016-12-06 00:00:00','DB','1100102207621','AM'),(269,'2016-12-06 00:00:00','DB','1100105475231','AM'),(270,'2016-12-06 00:00:00','DB','1100105475231','AM'),(271,'2016-12-06 00:00:00','DB','1100102207621','AM'),(272,'2016-12-06 00:00:00','DB','1100105475231','AM'),(273,'2016-12-06 00:00:00','DB','1100102207621','AM'),(274,'2016-12-06 00:00:00','DB','1100105475231','AM'),(275,'2016-12-06 00:00:00','DB','1100102207621','AM'),(276,'2016-12-06 00:00:00','DB','1100105475231','AM'),(277,'2016-12-06 00:00:00','DB','1100105475231','AM'),(278,'2016-12-06 00:00:00','DB','1100102207621','AM'),(279,'2016-12-06 00:00:00','DB','1100101590211','AM'),(280,'2016-12-06 00:00:00','DB','1100102207621','AM'),(281,'2016-12-06 00:00:00','DB','1100102207621','AM'),(282,'2016-12-06 00:00:00','DB','1100103493806','AM'),(283,'2016-12-06 00:00:00','DB','1100102207621','AM'),(284,'2016-12-06 00:00:00','DB','1100105475231','AM'),(285,'2016-12-06 00:00:00','DB','1100105475231','AM'),(286,'2016-12-06 00:00:00','DB','1100105475231','AM'),(287,'2016-12-06 00:00:00','DB','1100105475231','AM'),(288,'2016-12-06 00:00:00','DB','1100102207621','AM'),(289,'2016-12-06 00:00:00','DB','1100102207621','AM'),(290,'2016-12-06 00:00:00','DB','1100102207621','AM'),(291,'2016-12-06 00:00:00','DB','1100105475231','AM'),(292,'2016-12-06 00:00:00','DB','1100101590211','AM'),(293,'2016-12-06 00:00:00','DB','1100105475231','AM'),(294,'2016-12-06 00:00:00','DB','1100105475231','AM'),(295,'2016-12-06 00:00:00','DB','1100102207621','AM'),(296,'2016-12-06 00:00:00','DB','1100105475231','AM'),(297,'2016-12-06 00:00:00','DB','1100105475231','AM'),(298,'2016-12-06 00:00:00','DB','1100105475231','AM'),(299,'2016-12-06 00:00:00','DB','1100102207621','AM'),(300,'2016-12-06 00:00:00','DB','1100102207621','AM'),(301,'2016-12-06 00:00:00','DB','1100102207621','AM'),(302,'2016-12-06 00:00:00','DB','1100101445450','AM'),(303,'2016-12-06 00:00:00','DB','1100105475231','AM'),(304,'2016-12-06 00:00:00','DB','1100102207621','AM'),(305,'2016-12-06 00:00:00','DB','1100103493806','AM'),(306,'2016-12-07 00:00:00','DB','1100105475231','AM'),(307,'2016-12-07 00:00:00','DB','1100105475231','AM'),(308,'2016-12-07 00:00:00','DB','1100105475231','AM'),(309,'2016-12-07 00:00:00','DB','1100102207621','AM'),(310,'2016-12-07 00:00:00','DB','1100105475231','AM'),(311,'2016-12-07 00:00:00','DB','1100105475231','AM'),(312,'2016-12-07 00:00:00','DB','1100101590211','AM'),(313,'2016-12-07 00:00:00','DB','1100102207621','AM'),(314,'2016-12-07 00:00:00','DB','1100105475231','AM'),(315,'2016-12-07 00:00:00','DB','1100102207621','AM'),(316,'2016-12-07 00:00:00','DB','1100102207621','AM'),(317,'2016-12-07 00:00:00','DB','1100102207621','AM'),(318,'2016-12-07 00:00:00','DB','1100103493806','AM'),(319,'2016-12-07 00:00:00','DB','1100102207621','AM'),(320,'2016-12-07 00:00:00','DB','1100105475231','AM'),(321,'2016-12-07 00:00:00','DB','1100102207621','AM'),(322,'2016-12-07 00:00:00','DB','1100102207621','AM'),(323,'2016-12-07 00:00:00','DB','1100102207621','AM'),(324,'2016-12-07 00:00:00','DB','1100101590211','AM'),(325,'2016-12-07 00:00:00','DB','1100102207621','AM'),(326,'2016-12-07 00:00:00','DB','1100102207621','AM'),(327,'2016-12-07 00:00:00','DB','1100105475231','AM'),(328,'2016-12-07 00:00:00','DB','1100102207621','AM'),(329,'2016-12-07 00:00:00','DB','1100102207621','AM'),(330,'2016-12-07 00:00:00','DB','1100105475231','AM'),(331,'2016-12-07 00:00:00','DB','1100105475231','AM'),(332,'2016-12-07 00:00:00','DB','1100102207621','AM'),(333,'2016-12-07 00:00:00','DB','1100103493806','AM'),(334,'2016-12-07 00:00:00','DB','1100103493806','AM'),(335,'2016-12-07 00:00:00','DB','1100105475231','AM'),(336,'2016-12-07 00:00:00','DB','1100105475231','AM'),(337,'2016-12-07 00:00:00','DB','1100105475231','AM'),(338,'2016-12-07 00:00:00','DB','1100105475231','AM'),(339,'2016-12-07 00:00:00','DB','1100101445450','AM'),(340,'2016-12-07 00:00:00','DB','1100102207621','AM'),(341,'2016-12-07 00:00:00','DB','1100105475231','AM'),(342,'2016-12-07 00:00:00','DB','1100102207621','AM'),(343,'2016-12-07 00:00:00','DB','1100102207621','AM'),(344,'2016-12-08 00:00:00','DB','1100105475231','AM'),(345,'2016-12-08 00:00:00','DB','1100102207621','AM'),(346,'2016-12-08 00:00:00','DB','1100102207621','AM'),(347,'2016-12-08 00:00:00','DB','1100102207621','AM'),(348,'2016-12-08 00:00:00','DB','1100105475231','AM'),(349,'2016-12-08 00:00:00','DB','1100105475231','AM'),(350,'2016-12-08 00:00:00','DB','1100102207621','AM'),(351,'2016-12-08 00:00:00','DB','1100102207621','AM'),(352,'2016-12-08 00:00:00','DB','1100102207621','AM'),(353,'2016-12-08 00:00:00','DB','1100102207621','AM'),(354,'2016-12-08 00:00:00','DB','1100105475231','AM'),(355,'2016-12-08 00:00:00','DB','1100101590211','AM'),(356,'2016-12-08 00:00:00','DB','1100103493806','AM'),(357,'2016-12-08 00:00:00','DB','1100105475231','AM'),(358,'2016-12-08 00:00:00','DB','1100102207621','AM'),(359,'2016-12-08 00:00:00','DB','1100101590211','AM'),(360,'2016-12-08 00:00:00','DB','1100105475231','AM'),(361,'2016-12-08 00:00:00','DB','1100105475231','AM'),(362,'2016-12-08 00:00:00','DB','1100105475231','AM'),(363,'2016-12-08 00:00:00','DB','1100105475231','AM'),(364,'2016-12-08 00:00:00','DB','1100102207621','AM'),(365,'2016-12-08 00:00:00','DB','1100103493806','AM'),(366,'2016-12-08 00:00:00','DB','1100103493806','AM'),(367,'2016-12-08 00:00:00','DB','1100102207621','AM'),(368,'2016-12-08 00:00:00','DB','1100102207621','AM'),(369,'2016-12-08 00:00:00','DB','1100102207621','AM'),(370,'2016-12-08 00:00:00','DB','1100105475231','AM'),(371,'2016-12-08 00:00:00','DB','1100105475231','AM'),(372,'2016-12-08 00:00:00','DB','1100102207621','AM'),(373,'2016-12-08 00:00:00','DB','1100102207621','AM'),(374,'2016-12-08 00:00:00','DB','1100105475231','AM'),(375,'2016-12-08 00:00:00','DB','1100102207621','AM'),(376,'2016-12-08 00:00:00','DB','1100102207621','AM'),(377,'2016-12-08 00:00:00','DB','1100105475231','AM'),(378,'2016-12-08 00:00:00','DB','1100105475231','AM'),(379,'2016-12-08 00:00:00','DB','1100102207621','AM'),(380,'2016-12-08 00:00:00','DB','1100102207621','AM'),(381,'2016-12-08 00:00:00','DB','1100102207621','AM'),(382,'2016-12-08 00:00:00','DB','1100105475231','AM'),(383,'2016-12-08 00:00:00','DB','1100105475231','AM'),(384,'2016-12-08 00:00:00','DB','1100102207621','AM'),(385,'2016-12-08 00:00:00','DB','1100105475231','AM'),(386,'2016-12-08 00:00:00','DB','1100105475231','AM'),(387,'2016-12-08 00:00:00','DB','1100103493806','AM'),(388,'2016-12-09 00:00:00','DB','1100105475231','AM'),(389,'2016-12-09 00:00:00','DB','1100102207621','AM'),(390,'2016-12-09 00:00:00','DB','1100102207621','AM'),(391,'2016-12-09 00:00:00','DB','1100102207621','AM'),(392,'2016-12-09 00:00:00','DB','1100105475231','AM'),(393,'2016-12-09 00:00:00','DB','1100105475231','AM'),(394,'2016-12-09 00:00:00','DB','1100102207621','AM'),(395,'2016-12-09 00:00:00','DB','1100105475231','AM'),(396,'2016-12-09 00:00:00','DB','1100105475231','AM'),(397,'2016-12-09 00:00:00','DB','1100102207621','AM'),(398,'2016-12-09 00:00:00','DB','1100105475231','AM'),(399,'2016-12-09 00:00:00','DB','1100102207621','AM'),(400,'2016-12-09 00:00:00','DB','1100105475231','AM'),(401,'2016-12-09 00:00:00','DB','1100105475231','AM'),(402,'2016-12-09 00:00:00','DB','1100102207621','AM'),(403,'2016-12-09 00:00:00','DB','1100105475231','AM'),(404,'2016-12-09 00:00:00','DB','1100103493806','AM'),(405,'2016-12-09 00:00:00','DB','1100105475231','AM'),(406,'2016-12-09 00:00:00','DB','1100105475231','AM'),(407,'2016-12-09 00:00:00','DB','1100102207621','AM'),(408,'2016-12-09 00:00:00','DB','1100105475231','AM'),(409,'2016-12-09 00:00:00','DB','1100101590211','AM'),(410,'2016-12-09 00:00:00','DB','1100105475231','AM'),(411,'2016-12-09 00:00:00','DB','1100102207621','AM'),(412,'2016-12-09 00:00:00','DB','1100105475231','AM'),(413,'2016-12-09 00:00:00','DB','1100103493806','AM'),(414,'2016-12-09 00:00:00','DB','1100102207621','AM'),(415,'2016-12-09 00:00:00','DB','1100101590211','AM'),(416,'2016-12-09 00:00:00','DB','1100102207621','AM'),(417,'2016-12-09 00:00:00','DB','1100105475231','AM'),(418,'2016-12-09 00:00:00','DB','1100105475231','AM'),(419,'2016-12-09 00:00:00','DB','1100102207621','AM'),(420,'2016-12-09 00:00:00','DB','1100105475231','AM'),(421,'2016-12-09 00:00:00','DB','1100105475231','AM'),(422,'2016-12-09 00:00:00','DB','1100105475231','AM'),(423,'2016-12-09 00:00:00','DB','1100105475231','AM'),(424,'2016-12-09 00:00:00','DB','1100103493806','AM'),(425,'2016-12-10 00:00:00','DB','1100102207621','AM'),(426,'2016-12-10 00:00:00','DB','1100105475231','AM'),(427,'2016-12-10 00:00:00','DB','1100102207621','AM'),(428,'2016-12-10 00:00:00','DB','1100105475231','AM'),(429,'2016-12-10 00:00:00','DB','1100105475231','AM'),(430,'2016-12-10 00:00:00','DB','1100102207621','AM'),(431,'2016-12-10 00:00:00','DB','1100105475231','AM'),(432,'2016-12-10 00:00:00','DB','1100102207621','AM'),(433,'2016-12-10 00:00:00','DB','1100102207621','AM'),(434,'2016-12-10 00:00:00','DB','1100105475231','AM'),(435,'2016-12-10 00:00:00','DB','1100102207621','AM'),(436,'2016-12-10 00:00:00','DB','1100102207621','AM'),(437,'2016-12-10 00:00:00','DB','1100102207621','AM'),(438,'2016-12-10 00:00:00','DB','1100102207621','AM'),(439,'2016-12-10 00:00:00','DB','1100105475231','AM'),(440,'2016-12-10 00:00:00','DB','1100105475231','AM'),(441,'2016-12-10 00:00:00','DB','1100105475231','AM'),(442,'2016-12-10 00:00:00','DB','1100102207621','AM'),(443,'2016-12-10 00:00:00','DB','1100105475231','AM'),(444,'2016-12-10 00:00:00','DB','1100105475231','AM'),(445,'2016-12-10 00:00:00','DB','1100102207621','AM'),(446,'2016-12-10 00:00:00','DB','1100102207621','AM'),(447,'2016-12-10 00:00:00','DB','1100105475231','AM'),(448,'2016-12-10 00:00:00','DB','1100103493806','AM'),(449,'2016-12-10 00:00:00','DB','1100105475231','AM'),(450,'2016-12-10 00:00:00','DB','1100103493806','AM'),(451,'2016-12-10 00:00:00','DB','1100103493806','AM'),(452,'2016-12-10 00:00:00','DB','1100105475231','AM'),(453,'2016-12-10 00:00:00','DB','1100105475231','AM'),(454,'2016-12-10 00:00:00','DB','1100105475231','AM'),(455,'2016-12-10 00:00:00','DB','1100105475231','AM'),(456,'2016-12-12 00:00:00','DB','1100102207621','AM'),(457,'2016-12-12 00:00:00','DB','1100105475231','AM'),(458,'2016-12-12 00:00:00','DB','1100102207621','AM'),(459,'2016-12-12 00:00:00','DB','1100102207621','AM'),(460,'2016-12-12 00:00:00','DB','1100105475231','AM'),(461,'2016-12-12 00:00:00','DB','1100105475231','AM'),(462,'2016-12-12 00:00:00','DB','1100105475231','AM'),(463,'2016-12-12 00:00:00','DB','1100102207621','AM'),(464,'2016-12-12 00:00:00','DB','1100102207621','AM'),(465,'2016-12-12 00:00:00','DB','1100101590211','AM'),(466,'2016-12-12 00:00:00','DB','1100102207621','AM'),(467,'2016-12-12 00:00:00','DB','1100102207621','AM'),(468,'2016-12-12 00:00:00','DB','1100102207621','AM'),(469,'2016-12-12 00:00:00','DB','1100105475231','AM'),(470,'2016-12-12 00:00:00','DB','1100105475231','AM'),(471,'2016-12-12 00:00:00','DB','1100105475231','AM'),(472,'2016-12-12 00:00:00','DB','1100105475231','AM'),(473,'2016-12-12 00:00:00','DB','1100102207621','AM'),(474,'2016-12-12 00:00:00','DB','1100102207621','AM'),(475,'2016-12-12 00:00:00','DB','1100105475231','AM'),(476,'2016-12-12 00:00:00','DB','1100102207621','AM'),(477,'2016-12-12 00:00:00','DB','1100102207621','AM'),(478,'2016-12-12 00:00:00','DB','1100102207621','AM'),(479,'2016-12-12 00:00:00','DB','1100105475231','AM'),(480,'2016-12-12 00:00:00','DB','1100105475231','AM'),(481,'2016-12-12 00:00:00','DB','1100103493806','AM'),(482,'2016-12-12 00:00:00','DB','1100105475231','AM'),(483,'2016-12-12 00:00:00','DB','1100105475231','AM'),(484,'2016-12-12 00:00:00','DB','1100105475231','AM'),(485,'2016-12-12 00:00:00','DB','1100105475231','AM'),(486,'2016-12-12 00:00:00','DB','1100105475231','AM'),(487,'2016-12-12 00:00:00','DB','1100102207621','AM'),(488,'2016-12-13 00:00:00','DB','1100105475231','AM'),(489,'2016-12-13 00:00:00','DB','1100105475231','AM'),(490,'2016-12-13 00:00:00','DB','1100105475231','AM'),(491,'2016-12-13 00:00:00','DB','1100102207621','AM'),(492,'2016-12-13 00:00:00','DB','1100105475231','AM'),(493,'2016-12-13 00:00:00','DB','1100102207621','AM'),(494,'2016-12-13 00:00:00','DB','1100102207621','AM'),(495,'2016-12-13 00:00:00','DB','1100102207621','AM'),(496,'2016-12-13 00:00:00','DB','1100105475231','AM'),(497,'2016-12-13 00:00:00','DB','1100102207621','AM'),(498,'2016-12-13 00:00:00','DB','1100102207621','AM'),(499,'2016-12-13 00:00:00','DB','1100105475231','AM'),(500,'2016-12-13 00:00:00','DB','1100102207621','AM'),(501,'2016-12-13 00:00:00','DB','1100105475231','AM'),(502,'2016-12-13 00:00:00','DB','1100105475231','AM'),(503,'2016-12-13 00:00:00','DB','1100105475231','AM'),(504,'2016-12-13 00:00:00','DB','1100105475231','AM'),(505,'2016-12-13 00:00:00','DB','1100102207621','AM'),(506,'2016-12-13 00:00:00','DB','1100102207621','AM'),(507,'2016-12-13 00:00:00','DB','1100101590211','AM'),(508,'2016-12-13 00:00:00','DB','1100102207621','AM'),(509,'2016-12-13 00:00:00','DB','1100101590211','AM'),(510,'2016-12-13 00:00:00','DB','1100102207621','AM'),(511,'2016-12-13 00:00:00','DB','1100105475231','AM'),(512,'2016-12-13 00:00:00','DB','1100105475231','AM'),(513,'2016-12-13 00:00:00','DB','1100105475231','AM'),(514,'2016-12-13 00:00:00','DB','1100105475231','AM'),(515,'2016-12-13 00:00:00','DB','1100102207621','AM'),(516,'2016-12-13 00:00:00','DB','1100105475231','AM'),(517,'2016-12-13 00:00:00','DB','1100103493806','AM'),(518,'2016-12-13 00:00:00','DB','1100103493806','AM'),(519,'2016-12-13 00:00:00','DB','1100102207621','AM'),(520,'2016-12-13 00:00:00','DB','1100103493806','AM'),(521,'2016-12-13 00:00:00','DB','1100102207621','AM'),(522,'2016-12-13 00:00:00','DB','1100105475231','AM'),(523,'2016-12-13 00:00:00','DB','1100102207621','AM'),(524,'2016-12-13 00:00:00','DB','1100103493806','AM'),(525,'2016-12-13 00:00:00','DB','1100105475231','AM'),(526,'2016-12-13 00:00:00','DB','1100105475231','AM'),(527,'2016-12-14 00:00:00','DB','1100102207621','AM'),(528,'2016-12-14 00:00:00','DB','1100102207621','AM'),(529,'2016-12-14 00:00:00','DB','1100102207621','AM'),(530,'2016-12-14 00:00:00','DB','1100102207621','AM'),(531,'2016-12-14 00:00:00','DB','1100105475231','AM'),(532,'2016-12-14 00:00:00','DB','1100105475231','AM'),(533,'2016-12-14 00:00:00','DB','1100102207621','AM'),(534,'2016-12-14 00:00:00','DB','1100105475231','AM'),(535,'2016-12-14 00:00:00','DB','1100102207621','AM'),(536,'2016-12-14 00:00:00','DB','1100105475231','AM'),(537,'2016-12-14 00:00:00','DB','1100102207621','AM'),(538,'2016-12-14 00:00:00','DB','1100102207621','AM'),(539,'2016-12-14 00:00:00','DB','1100105475231','AM'),(540,'2016-12-14 00:00:00','DB','1100105475231','AM'),(541,'2016-12-14 00:00:00','DB','1100102207621','AM'),(542,'2016-12-14 00:00:00','DB','1100103493806','AM'),(543,'2016-12-14 00:00:00','DB','1100103493806','AM'),(544,'2016-12-14 00:00:00','DB','1100105475231','AM'),(545,'2016-12-14 00:00:00','DB','1100105475231','AM'),(546,'2016-12-14 00:00:00','DB','1100101590211','AM'),(547,'2016-12-14 00:00:00','DB','1100105475231','AM'),(548,'2016-12-14 00:00:00','DB','1100101590211','AM'),(549,'2016-12-14 00:00:00','DB','1100102207621','AM'),(550,'2016-12-14 00:00:00','DB','1100102207621','AM'),(551,'2016-12-14 00:00:00','DB','1100105475231','AM'),(552,'2016-12-14 00:00:00','DB','1100105475231','AM'),(553,'2016-12-14 00:00:00','DB','1100105475231','AM'),(554,'2016-12-14 00:00:00','DB','1100105475231','AM'),(555,'2016-12-14 00:00:00','DB','1100102207621','AM'),(556,'2016-12-14 00:00:00','DB','1100102207621','AM'),(557,'2016-12-14 00:00:00','DB','1100105475231','AM'),(558,'2016-12-14 00:00:00','DB','1100103493806','AM'),(559,'2016-12-14 00:00:00','DB','1100105475231','AM'),(560,'2016-12-14 00:00:00','DB','1100105475231','AM'),(561,'2016-12-14 00:00:00','DB','1100105475231','AM'),(562,'2016-12-14 00:00:00','DB','1100103493806','AM'),(563,'2016-12-14 00:00:00','DB','1100105475231','AM'),(564,'2016-12-14 00:00:00','DB','1100105475231','AM'),(565,'2016-12-14 00:00:00','DB','1100103493806','AM'),(566,'2016-12-14 00:00:00','DB','1100105475231','AM'),(567,'2016-12-14 00:00:00','DB','1100105475231','AM'),(568,'2016-12-14 00:00:00','DB','1100102207621','AM'),(569,'2016-12-15 00:00:00','DB','1100102207621','AM'),(570,'2016-12-15 00:00:00','DB','1100105475231','AM'),(571,'2016-12-15 00:00:00','DB','1100105475231','AM'),(572,'2016-12-15 00:00:00','DB','1100103493806','AM'),(573,'2016-12-15 00:00:00','DB','1100102207621','AM'),(574,'2016-12-15 00:00:00','DB','1100105475231','AM'),(575,'2016-12-15 00:00:00','DB','1100105475231','AM'),(576,'2016-12-15 00:00:00','DB','1100105475231','AM'),(577,'2016-12-15 00:00:00','DB','1100102207621','AM'),(578,'2016-12-15 00:00:00','DB','1100102207621','AM'),(579,'2016-12-15 00:00:00','DB','1100102207621','AM'),(580,'2016-12-15 00:00:00','DB','1100102207621','AM'),(581,'2016-12-15 00:00:00','DB','1100102207621','AM'),(582,'2016-12-15 00:00:00','DB','1100101590211','AM'),(583,'2016-12-15 00:00:00','DB','1100102207621','AM'),(584,'2016-12-15 00:00:00','DB','1100102207621','AM'),(585,'2016-12-15 00:00:00','DB','1100102207621','AM'),(586,'2016-12-15 00:00:00','DB','1100105475231','AM'),(587,'2016-12-15 00:00:00','DB','1100102207621','AM'),(588,'2016-12-15 00:00:00','DB','1100105475231','AM'),(589,'2016-12-15 00:00:00','DB','1100105475231','AM'),(590,'2016-12-15 00:00:00','DB','1100105475231','AM'),(591,'2016-12-15 00:00:00','DB','1100102207621','AM'),(592,'2016-12-15 00:00:00','DB','1100105475231','AM'),(593,'2016-12-15 00:00:00','DB','1100102207621','AM'),(594,'2016-12-15 00:00:00','DB','1100103493806','AM'),(595,'2016-12-15 00:00:00','DB','1100105475231','AM'),(596,'2016-12-15 00:00:00','DB','1100105475231','AM'),(597,'2016-12-15 00:00:00','DB','1100101590211','AM'),(598,'2016-12-15 00:00:00','DB','1100105475231','AM'),(599,'2016-12-15 00:00:00','DB','1100105475231','AM'),(600,'2016-12-15 00:00:00','DB','1100102207621','AM'),(601,'2016-12-15 00:00:00','DB','1100105475231','AM'),(602,'2016-12-15 00:00:00','DB','1100102207621','AM'),(603,'2016-12-15 00:00:00','DB','1100102207621','AM'),(604,'2016-12-15 00:00:00','DB','1100103493806','AM'),(605,'2016-12-15 00:00:00','DB','1100105475231','AM'),(606,'2016-12-15 00:00:00','DB','1100105475231','AM'),(607,'2016-12-15 00:00:00','DB','1100105475231','AM'),(608,'2016-12-15 00:00:00','DB','1100103493806','AM'),(609,'2016-12-15 00:00:00','DB','1100103493806','AM'),(610,'2016-12-15 00:00:00','DB','1100103493806','AM'),(611,'2016-12-15 00:00:00','DB','1100105475231','AM'),(612,'2016-12-15 00:00:00','DB','1100105475231','AM'),(613,'2016-12-15 00:00:00','DB','1100102207621','AM'),(614,'2016-12-15 00:00:00','DB','1100102207621','AM'),(615,'2016-12-16 00:00:00','DB','1100102207621','AM'),(616,'2016-12-16 00:00:00','DB','1100102207621','AM'),(617,'2016-12-16 00:00:00','DB','1100105475231','AM'),(618,'2016-12-16 00:00:00','DB','1100105475231','AM'),(619,'2016-12-16 00:00:00','DB','1100105475231','AM'),(620,'2016-12-16 00:00:00','DB','1100102207621','AM'),(621,'2016-12-16 00:00:00','DB','1100105475231','AM'),(622,'2016-12-16 00:00:00','DB','1100102207621','AM'),(623,'2016-12-16 00:00:00','DB','1100105475231','AM'),(624,'2016-12-16 00:00:00','DB','1100101590211','AM'),(625,'2016-12-16 00:00:00','DB','1100102207621','AM'),(626,'2016-12-16 00:00:00','DB','1100102207621','AM'),(627,'2016-12-16 00:00:00','DB','1100102207621','AM'),(628,'2016-12-16 00:00:00','DB','1100101590211','AM'),(629,'2016-12-16 00:00:00','DB','1100102207621','AM'),(630,'2016-12-16 00:00:00','DB','1100105475231','AM'),(631,'2016-12-16 00:00:00','DB','1100103493806','AM'),(632,'2016-12-16 00:00:00','DB','1100105475231','AM'),(633,'2016-12-16 00:00:00','DB','1100105475231','AM'),(634,'2016-12-16 00:00:00','DB','1100102207621','AM'),(635,'2016-12-16 00:00:00','DB','1100103493806','AM'),(636,'2016-12-16 00:00:00','DB','1100105475231','AM'),(637,'2016-12-16 00:00:00','DB','1100103493806','AM'),(638,'2016-12-16 00:00:00','DB','1100105475231','AM'),(639,'2016-12-16 00:00:00','DB','1100105475231','AM'),(640,'2016-12-16 00:00:00','DB','1100105475231','AM'),(641,'2016-12-16 00:00:00','DB','1100105475231','AM'),(642,'2016-12-16 00:00:00','DB','1100102207621','AM'),(643,'2016-12-16 00:00:00','DB','1100105475231','AM'),(644,'2016-12-16 00:00:00','DB','1100102207621','AM'),(645,'2016-12-16 00:00:00','DB','1100102207621','AM'),(646,'2016-12-16 00:00:00','DB','1100102207621','AM'),(647,'2016-12-16 00:00:00','DB','1100102207621','AM'),(648,'2016-12-16 00:00:00','DB','1100105475231','AM'),(649,'2016-12-16 00:00:00','DB','1100105475231','AM'),(650,'2016-12-16 00:00:00','DB','1100105475231','AM'),(651,'2016-12-16 00:00:00','DB','1100105475231','AM'),(652,'2016-12-16 00:00:00','DB','1100103493806','AM'),(653,'2016-12-16 00:00:00','DB','1100103493806','AM'),(654,'2016-12-17 00:00:00','DB','1100102207621','AM'),(655,'2016-12-17 00:00:00','DB','1100102207621','AM'),(656,'2016-12-17 00:00:00','DB','1100102207621','AM'),(657,'2016-12-17 00:00:00','DB','1100102207621','AM'),(658,'2016-12-17 00:00:00','DB','1100105475231','AM'),(659,'2016-12-17 00:00:00','DB','1100102207621','AM'),(660,'2016-12-17 00:00:00','DB','1100102207621','AM'),(661,'2016-12-17 00:00:00','DB','1100102207621','AM'),(662,'2016-12-17 00:00:00','DB','1100102207621','AM'),(663,'2016-12-17 00:00:00','DB','1100102207621','AM'),(664,'2016-12-17 00:00:00','DB','1100105475231','AM'),(665,'2016-12-17 00:00:00','DB','1100105475231','AM'),(666,'2016-12-17 00:00:00','DB','1100105475231','AM'),(667,'2016-12-17 00:00:00','DB','1100105475231','AM'),(668,'2016-12-17 00:00:00','DB','1100102207621','AM'),(669,'2016-12-17 00:00:00','DB','1100101590211','AM'),(670,'2016-12-17 00:00:00','DB','1100105475231','AM'),(671,'2016-12-17 00:00:00','DB','1100105475231','AM'),(672,'2016-12-17 00:00:00','DB','1100105475231','AM'),(673,'2016-12-17 00:00:00','DB','1100102207621','AM'),(674,'2016-12-17 00:00:00','DB','1100103493806','AM'),(675,'2016-12-17 00:00:00','DB','1100105475231','AM'),(676,'2016-12-17 00:00:00','DB','1100105475231','AM'),(677,'2016-12-17 00:00:00','DB','1100105475231','AM'),(678,'2016-12-17 00:00:00','DB','1100105475231','AM'),(679,'2016-12-17 00:00:00','DB','1100102207621','AM'),(680,'2016-12-17 00:00:00','DB','1100105475231','AM'),(681,'2016-12-17 00:00:00','DB','1100105475231','AM'),(682,'2016-12-17 00:00:00','DB','1100103493806','AM'),(683,'2016-12-17 00:00:00','DB','1100105475231','AM'),(684,'2016-12-17 00:00:00','DB','1100101590211','AM'),(685,'2016-12-17 00:00:00','DB','1100102207621','AM'),(686,'2016-12-17 00:00:00','DB','1100105475231','AM'),(687,'2016-12-17 00:00:00','DB','1100103493806','AM'),(688,'2016-12-17 00:00:00','DB','1100102207621','AM'),(689,'2016-12-17 00:00:00','DB','1100102207621','AM'),(690,'2016-12-19 00:00:00','DB','1100102207621','AM'),(691,'2016-12-19 00:00:00','DB','1100102207621','AM'),(692,'2016-12-19 00:00:00','DB','1100105475231','AM'),(693,'2016-12-19 00:00:00','DB','1100102207621','AM'),(694,'2016-12-19 00:00:00','DB','1100105475231','AM'),(695,'2016-12-19 00:00:00','DB','1100105475231','AM'),(696,'2016-12-19 00:00:00','DB','1100102207621','AM'),(697,'2016-12-19 00:00:00','DB','1100102207621','AM'),(698,'2016-12-19 00:00:00','DB','1100105475231','AM'),(699,'2016-12-19 00:00:00','DB','1100101590211','AM'),(700,'2016-12-19 00:00:00','DB','1100105475231','AM'),(701,'2016-12-19 00:00:00','DB','1100102207621','AM'),(702,'2016-12-19 00:00:00','DB','1100105475231','AM'),(703,'2016-12-19 00:00:00','DB','1100105475231','AM'),(704,'2016-12-19 00:00:00','DB','1100105475231','AM'),(705,'2016-12-19 00:00:00','DB','1100101590211','AM'),(706,'2016-12-19 00:00:00','DB','1100102207621','AM'),(707,'2016-12-19 00:00:00','DB','1100105475231','AM'),(708,'2016-12-19 00:00:00','DB','1100105475231','AM'),(709,'2016-12-19 00:00:00','DB','1100105475231','AM'),(710,'2016-12-19 00:00:00','DB','1100102207621','AM'),(711,'2016-12-19 00:00:00','DB','1100102207621','AM'),(712,'2016-12-19 00:00:00','DB','1100102207621','AM'),(713,'2016-12-19 00:00:00','DB','1100102207621','AM'),(714,'2016-12-19 00:00:00','DB','1100102207621','AM'),(715,'2016-12-19 00:00:00','DB','1100102207621','AM'),(716,'2016-12-19 00:00:00','DB','1100105475231','AM'),(717,'2016-12-19 00:00:00','DB','1100103493806','AM'),(718,'2016-12-19 00:00:00','DB','1100105475231','AM'),(719,'2016-12-19 00:00:00','DB','1100102207621','AM'),(720,'2016-12-19 00:00:00','DB','1100102207621','AM'),(721,'2016-12-19 00:00:00','DB','1100102207621','AM'),(722,'2016-12-19 00:00:00','DB','1100105475231','AM'),(723,'2016-12-19 00:00:00','DB','1100102207621','AM'),(724,'2016-12-19 00:00:00','DB','1100105475231','AM'),(725,'2016-12-19 00:00:00','DB','1100105475231','AM'),(726,'2016-12-19 00:00:00','DB','1100105475231','AM'),(727,'2016-12-19 00:00:00','DB','1100105475231','AM'),(728,'2016-12-19 00:00:00','DB','1100103493806','AM'),(729,'2016-12-20 00:00:00','DB','1100102207621','AM'),(730,'2016-12-20 00:00:00','DB','1100101590211','AM'),(731,'2016-12-20 00:00:00','DB','1100102207621','AM'),(732,'2016-12-20 00:00:00','DB','1100102207621','AM'),(733,'2016-12-20 00:00:00','DB','1100102207621','AM'),(734,'2016-12-20 00:00:00','DB','1100105475231','AM'),(735,'2016-12-20 00:00:00','DB','1100105475231','AM'),(736,'2016-12-20 00:00:00','DB','1100105475231','AM'),(737,'2016-12-20 00:00:00','DB','1100102207621','AM'),(738,'2016-12-20 00:00:00','DB','1100105475231','AM'),(739,'2016-12-20 00:00:00','DB','1100105475231','AM'),(740,'2016-12-20 00:00:00','DB','1100105475231','AM'),(741,'2016-12-20 00:00:00','DB','1100102207621','AM'),(742,'2016-12-20 00:00:00','DB','1100102207621','AM'),(743,'2016-12-20 00:00:00','DB','1100102207621','AM'),(744,'2016-12-20 00:00:00','DB','1100105475231','AM'),(745,'2016-12-20 00:00:00','DB','1100105475231','AM'),(746,'2016-12-20 00:00:00','DB','1100102207621','AM'),(747,'2016-12-20 00:00:00','DB','1100105475231','AM'),(748,'2016-12-20 00:00:00','DB','1100102207621','AM'),(749,'2016-12-20 00:00:00','DB','1100102207621','AM'),(750,'2016-12-20 00:00:00','DB','1100102207621','AM'),(751,'2016-12-20 00:00:00','DB','1100102207621','AM'),(752,'2016-12-20 00:00:00','DB','1100102207621','AM'),(753,'2016-12-20 00:00:00','DB','1100105475231','AM'),(754,'2016-12-20 00:00:00','DB','1100105475231','AM'),(755,'2016-12-20 00:00:00','DB','1100105475231','AM'),(756,'2016-12-20 00:00:00','DB','1100103493806','AM'),(757,'2016-12-20 00:00:00','DB','1100105475231','AM'),(758,'2016-12-20 00:00:00','DB','1100102207621','AM'),(759,'2016-12-20 00:00:00','DB','1100105475231','AM'),(760,'2016-12-20 00:00:00','DB','1100105475231','AM'),(761,'2016-12-20 00:00:00','DB','1100103493806','AM'),(762,'2016-12-20 00:00:00','DB','1100105475231','AM'),(763,'2016-12-20 00:00:00','DB','1100105475231','AM'),(764,'2016-12-20 00:00:00','DB','1100105475231','AM'),(765,'2016-12-20 00:00:00','DB','1100105475231','AM'),(766,'2016-12-20 00:00:00','DB','1100105475231','AM'),(767,'2016-12-21 00:00:00','DB','1100101590211','AM'),(768,'2016-12-21 00:00:00','DB','1100102207621','AM'),(769,'2016-12-21 00:00:00','DB','1100102207621','AM'),(770,'2016-12-21 00:00:00','DB','1100105475231','AM'),(771,'2016-12-21 00:00:00','DB','1100102207621','AM'),(772,'2016-12-21 00:00:00','DB','1100102207621','AM'),(773,'2016-12-21 00:00:00','DB','1100102207621','AM'),(774,'2016-12-21 00:00:00','DB','1100105475231','AM'),(775,'2016-12-21 00:00:00','DB','1100105475231','AM'),(776,'2016-12-21 00:00:00','DB','1100102207621','AM'),(777,'2016-12-21 00:00:00','DB','1100102207621','AM'),(778,'2016-12-21 00:00:00','DB','1100105475231','AM'),(779,'2016-12-21 00:00:00','DB','1100105475231','AM'),(780,'2016-12-21 00:00:00','DB','1100102207621','AM'),(781,'2016-12-21 00:00:00','DB','1100105475231','AM'),(782,'2016-12-21 00:00:00','DB','1100105475231','AM'),(783,'2016-12-21 00:00:00','DB','1100105475231','AM'),(784,'2016-12-21 00:00:00','DB','1100102207621','AM'),(785,'2016-12-21 00:00:00','DB','1100105475231','AM'),(786,'2016-12-21 00:00:00','DB','1100105475231','AM'),(787,'2016-12-21 00:00:00','DB','1100102207621','AM'),(788,'2016-12-21 00:00:00','DB','1100102207621','AM'),(789,'2016-12-21 00:00:00','DB','1100102207621','AM'),(790,'2016-12-21 00:00:00','DB','1100103493806','AM'),(791,'2016-12-21 00:00:00','DB','1100105475231','AM'),(792,'2016-12-21 00:00:00','DB','1100102207621','AM'),(793,'2016-12-21 00:00:00','DB','1100103493806','AM'),(794,'2016-12-21 00:00:00','DB','1100105475231','AM'),(795,'2016-12-21 00:00:00','DB','1100105475231','AM'),(796,'2016-12-21 00:00:00','DB','1100105475231','AM'),(797,'2016-12-21 00:00:00','DB','1100105475231','AM'),(798,'2016-12-21 00:00:00','DB','1100105475231','AM'),(799,'2016-12-21 00:00:00','DB','1100102207621','AM'),(800,'2016-12-21 00:00:00','DB','1100102207621','AM'),(801,'2016-12-21 00:00:00','DB','1100102207621','AM'),(802,'2016-12-21 00:00:00','DB','1100102207621','AM'),(803,'2016-12-22 00:00:00','DB','1100102207621','AM'),(804,'2016-12-22 00:00:00','DB','1100102207621','AM'),(805,'2016-12-22 00:00:00','DB','1100105475231','AM'),(806,'2016-12-22 00:00:00','DB','1100102207621','AM'),(807,'2016-12-22 00:00:00','DB','1100105475231','AM'),(808,'2016-12-22 00:00:00','DB','1100102207621','AM'),(809,'2016-12-22 00:00:00','DB','1100102207621','AM'),(810,'2016-12-22 00:00:00','DB','1100105475231','AM'),(811,'2016-12-22 00:00:00','DB','1100105475231','AM'),(812,'2016-12-22 00:00:00','DB','1100105475231','AM'),(813,'2016-12-22 00:00:00','DB','1100102207621','AM'),(814,'2016-12-22 00:00:00','DB','1100105475231','AM'),(815,'2016-12-22 00:00:00','DB','1100102207621','AM'),(816,'2016-12-22 00:00:00','DB','1100102207621','AM'),(817,'2016-12-22 00:00:00','DB','1100102207621','AM'),(818,'2016-12-22 00:00:00','DB','1100102207621','AM'),(819,'2016-12-22 00:00:00','DB','1100105475231','AM'),(820,'2016-12-22 00:00:00','DB','1100102207621','AM'),(821,'2016-12-22 00:00:00','DB','1100105475231','AM'),(822,'2016-12-22 00:00:00','DB','1100103493806','AM'),(823,'2016-12-22 00:00:00','DB','1100105475231','AM'),(824,'2016-12-22 00:00:00','DB','1100105475231','AM'),(825,'2016-12-22 00:00:00','DB','1100102207621','AM'),(826,'2016-12-22 00:00:00','DB','1100105475231','AM'),(827,'2016-12-22 00:00:00','DB','1100105475231','AM'),(828,'2016-12-22 00:00:00','DB','1100105475231','AM'),(829,'2016-12-22 00:00:00','DB','1100103493806','AM'),(830,'2016-12-23 00:00:00','DB','1100105475231','AM'),(831,'2016-12-23 00:00:00','DB','1100105475231','AM'),(832,'2017-01-03 00:00:00','DB','1100103493806','AM'),(833,'2017-01-03 00:00:00','DB','1100103493806','AM'),(834,'2017-01-03 00:00:00','DB','1100103493806','AM'),(835,'2017-01-03 00:00:00','DB','1100103493806','AM'),(836,'2017-01-03 00:00:00','DB','1100103493806','AM'),(837,'2017-01-04 00:00:00','DB','1100103493806','AM'),(838,'2017-01-04 00:00:00','DB','1100103493806','AM'),(839,'2017-01-04 00:00:00','DB','1100103493806','AM'),(840,'2017-01-04 00:00:00','DB','1100103493806','AM'),(841,'2017-01-04 00:00:00','DB','1100103493806','AM'),(842,'2017-01-05 00:00:00','DB','1100105475231','AM'),(843,'2017-01-05 00:00:00','DB','1100103493806','AM'),(844,'2017-01-05 00:00:00','DB','1100103493806','AM'),(845,'2017-01-05 00:00:00','DB','1100103493806','AM'),(846,'2017-01-05 00:00:00','DB','1100103493806','AM'),(847,'2017-01-05 00:00:00','DB','1100103493806','AM'),(848,'2017-01-05 00:00:00','DB','1100103493806','AM'),(849,'2017-01-06 00:00:00','DB','1100105475231','AM'),(850,'2017-01-06 00:00:00','DB','1100103493806','AM'),(851,'2017-01-06 00:00:00','DB','1100103493806','AM'),(852,'2017-01-06 00:00:00','DB','1100103493806','AM'),(853,'2017-01-06 00:00:00','DB','1100103493806','AM'),(854,'2017-01-06 00:00:00','DB','1100103493806','AM'),(855,'2017-01-07 00:00:00','DB','1100103493806','AM'),(856,'2017-01-07 00:00:00','DB','1100103493806','AM'),(857,'2017-01-07 00:00:00','DB','1100103493806','AM'),(858,'2017-01-07 00:00:00','DB','1100103493806','AM'),(859,'2017-01-09 00:00:00','DB','1100103493806','AM'),(860,'2017-01-09 00:00:00','DB','1100103493806','AM'),(861,'2017-01-09 00:00:00','DB','1100103493806','AM'),(862,'2017-01-09 00:00:00','DB','1100103493806','AM'),(863,'2017-01-10 00:00:00','DB','1100103493806','AM'),(864,'2017-01-10 00:00:00','DB','1100103493806','AM'),(865,'2017-01-10 00:00:00','DB','1100103493806','AM'),(866,'2017-01-10 00:00:00','DB','1100103493806','AM'),(867,'2017-01-11 00:00:00','DB','1100103493806','AM'),(868,'2017-01-11 00:00:00','DB','1100103493806','AM'),(869,'2017-01-11 00:00:00','DB','1100103493806','AM'),(870,'2017-01-11 00:00:00','DB','1100103493806','AM'),(871,'2017-01-11 00:00:00','DB','1100103493806','AM'),(872,'2017-01-11 00:00:00','DB','1100103493806','AM'),(873,'2017-01-12 00:00:00','DB','1100103493806','AM'),(874,'2017-01-12 00:00:00','DB','1100103493806','AM'),(875,'2017-01-12 00:00:00','DB','1100103493806','AM'),(876,'2017-01-12 00:00:00','DB','1100103493806','AM'),(877,'2017-01-16 00:00:00','DB','1100102207621','AM'),(878,'2017-01-16 00:00:00','DB','1100102207621','AM'),(879,'2017-01-16 00:00:00','DB','1100102207621','AM'),(880,'2017-01-16 00:00:00','DB','1100102207621','AM'),(881,'2017-01-16 00:00:00','DB','1100103493806','AM'),(882,'2017-01-16 00:00:00','DB','1100105475231','AM'),(883,'2017-01-16 00:00:00','DB','1100105475231','AM'),(884,'2017-01-16 00:00:00','DB','1100102207621','AM'),(885,'2017-01-16 00:00:00','DB','1100105475231','AM'),(886,'2017-01-16 00:00:00','DB','1100105475231','AM'),(887,'2017-01-16 00:00:00','DB','1100103493806','AM'),(888,'2017-01-16 00:00:00','DB','1100102207621','AM'),(889,'2017-01-16 00:00:00','DB','1100105475231','AM'),(890,'2017-01-16 00:00:00','DB','1100105475231','AM'),(891,'2017-01-16 00:00:00','DB','1100102207621','AM'),(892,'2017-01-16 00:00:00','DB','1100103493806','AM'),(893,'2017-01-16 00:00:00','DB','1100101590211','AM'),(894,'2017-01-16 00:00:00','DB','1100102207621','AM'),(895,'2017-01-16 00:00:00','DB','1100102207621','AM'),(896,'2017-01-16 00:00:00','DB','1100102207621','AM'),(897,'2017-01-17 00:00:00','DB','1100102207621','AM'),(898,'2017-01-17 00:00:00','DB','1100102207621','AM'),(899,'2017-01-17 00:00:00','DB','1100102207621','AM'),(900,'2017-01-17 00:00:00','DB','1100102207621','AM'),(901,'2017-01-17 00:00:00','DB','1100102207621','AM'),(902,'2017-01-17 00:00:00','DB','1100105475231','AM'),(903,'2017-01-17 00:00:00','DB','1100105475231','AM'),(904,'2017-01-17 00:00:00','DB','1100102207621','AM'),(905,'2017-01-17 00:00:00','DB','1100105475231','AM'),(906,'2017-01-17 00:00:00','DB','1100105475231','AM'),(907,'2017-01-17 00:00:00','DB','1100105475231','AM'),(908,'2017-01-17 00:00:00','DB','1100102207621','AM'),(909,'2017-01-17 00:00:00','DB','1100101590211','AM'),(910,'2017-01-17 00:00:00','DB','1100102207621','AM'),(911,'2017-01-17 00:00:00','DB','1100105475231','AM'),(912,'2017-01-17 00:00:00','DB','1100103493806','AM'),(913,'2017-01-17 00:00:00','DB','1100105475231','AM'),(914,'2017-01-17 00:00:00','DB','1100105475231','AM'),(915,'2017-01-17 00:00:00','DB','1100105475231','AM'),(916,'2017-01-17 00:00:00','DB','1100103493806','AM'),(917,'2017-01-17 00:00:00','DB','1100102207621','AM'),(918,'2017-01-17 00:00:00','DB','1100105475231','AM'),(919,'2017-01-17 00:00:00','DB','1100105475231','AM'),(920,'2017-01-17 00:00:00','DB','1100105475231','AM'),(921,'2017-01-17 00:00:00','DB','1100103493806','AM'),(922,'2017-01-17 00:00:00','DB','1100105475231','AM'),(923,'2017-01-17 00:00:00','DB','1100102207621','AM'),(924,'2017-01-17 00:00:00','DB','1100105475231','AM'),(925,'2017-01-17 00:00:00','DB','1100103493806','AM'),(926,'2017-01-17 00:00:00','DB','1100103493806','AM'),(927,'2017-01-17 00:00:00','DB','1100102207621','AM'),(928,'2017-01-17 00:00:00','DB','1100102207621','AM'),(929,'2017-01-17 00:00:00','DB','1100105475231','AM'),(930,'2017-01-18 00:00:00','DB','1100102207621','AM'),(931,'2017-01-18 00:00:00','DB','1100105475231','AM'),(932,'2017-01-18 00:00:00','DB','1100105475231','AM'),(933,'2017-01-18 00:00:00','DB','1100105475231','AM'),(934,'2017-01-18 00:00:00','DB','1100102207621','AM'),(935,'2017-01-18 00:00:00','DB','1100102207621','AM'),(936,'2017-01-18 00:00:00','DB','1100102207621','AM'),(937,'2017-01-18 00:00:00','DB','1100102207621','AM'),(938,'2017-01-18 00:00:00','DB','1100105475231','AM'),(939,'2017-01-18 00:00:00','DB','1100102207621','AM'),(940,'2017-01-18 00:00:00','DB','1100105475231','AM'),(941,'2017-01-18 00:00:00','DB','1100105475231','AM'),(942,'2017-01-18 00:00:00','DB','1100102207621','AM'),(943,'2017-01-18 00:00:00','DB','1100105475231','AM'),(944,'2017-01-18 00:00:00','DB','1100102207621','AM'),(945,'2017-01-18 00:00:00','DB','1100102207621','AM'),(946,'2017-01-18 00:00:00','DB','1100105475231','AM'),(947,'2017-01-18 00:00:00','DB','1100102207621','AM'),(948,'2017-01-18 00:00:00','DB','1100101590211','AM'),(949,'2017-01-18 00:00:00','DB','1100102207621','AM'),(950,'2017-01-18 00:00:00','DB','1100105475231','AM'),(951,'2017-01-18 00:00:00','DB','1100102207621','AM'),(952,'2017-01-18 00:00:00','DB','1100103493806','AM'),(953,'2017-01-18 00:00:00','DB','1100105475231','AM'),(954,'2017-01-18 00:00:00','DB','1100103493806','AM'),(955,'2017-01-18 00:00:00','DB','1100103493806','AM'),(956,'2017-01-18 00:00:00','DB','1100103493806','AM'),(957,'2017-01-18 00:00:00','DB','1100105475231','AM'),(958,'2017-01-18 00:00:00','DB','1100102207621','AM'),(959,'2017-01-18 00:00:00','DB','1100105475231','AM'),(960,'2017-01-18 00:00:00','DB','1100103493806','AM'),(961,'2017-01-18 00:00:00','DB','1100105475231','AM'),(962,'2017-01-18 00:00:00','DB','1100105475231','AM'),(963,'2017-01-19 00:00:00','DB','1100102207621','AM'),(964,'2017-01-19 00:00:00','DB','1100102207621','AM'),(965,'2017-01-19 00:00:00','DB','1100105475231','AM'),(966,'2017-01-19 00:00:00','DB','1100105475231','AM'),(967,'2017-01-19 00:00:00','DB','1100102207621','AM'),(968,'2017-01-19 00:00:00','DB','1100102207621','AM'),(969,'2017-01-19 00:00:00','DB','1100102207621','AM'),(970,'2017-01-19 00:00:00','DB','1100102207621','AM'),(971,'2017-01-19 00:00:00','DB','1100102207621','AM'),(972,'2017-01-19 00:00:00','DB','1100105475231','AM'),(973,'2017-01-19 00:00:00','DB','1100102207621','AM'),(974,'2017-01-19 00:00:00','DB','1100105475231','AM'),(975,'2017-01-19 00:00:00','DB','1100105475231','AM'),(976,'2017-01-19 00:00:00','DB','1100105475231','AM'),(977,'2017-01-19 00:00:00','DB','1100102207621','AM'),(978,'2017-01-19 00:00:00','DB','1100105475231','AM'),(979,'2017-01-19 00:00:00','DB','1100103493806','AM'),(980,'2017-01-19 00:00:00','DB','1100102207621','AM'),(981,'2017-01-19 00:00:00','DB','1100102207621','AM'),(982,'2017-01-19 00:00:00','DB','1100105475231','AM'),(983,'2017-01-19 00:00:00','DB','1100102207621','AM'),(984,'2017-01-19 00:00:00','DB','1100105475231','AM'),(985,'2017-01-19 00:00:00','DB','1100105475231','AM'),(986,'2017-01-19 00:00:00','DB','1100103493806','AM'),(987,'2017-01-19 00:00:00','DB','1100105475231','AM'),(988,'2017-01-19 00:00:00','DB','1100105475231','AM'),(989,'2017-01-19 00:00:00','DB','1100105475231','AM'),(990,'2017-01-19 00:00:00','DB','1100102207621','AM'),(991,'2017-01-19 00:00:00','DB','1100103493806','AM'),(992,'2017-01-19 00:00:00','DB','1100103493806','AM'),(993,'2017-01-19 00:00:00','DB','1100103493806','AM'),(994,'2017-01-19 00:00:00','DB','1100103493806','AM'),(995,'2017-01-19 00:00:00','DB','1100105475231','AM'),(996,'2017-01-20 00:00:00','DB','1100102207621','AM'),(997,'2017-01-20 00:00:00','DB','1100102207621','AM'),(998,'2017-01-20 00:00:00','DB','1100105475231','AM'),(999,'2017-01-20 00:00:00','DB','1100105475231','AM'),(1000,'2017-01-20 00:00:00','DB','1100102207621','AM'),(1001,'2017-01-20 00:00:00','DB','1100102207621','AM'),(1002,'2017-01-20 00:00:00','DB','1100102207621','AM'),(1003,'2017-01-20 00:00:00','DB','1100105475231','AM'),(1004,'2017-01-20 00:00:00','DB','1100102207621','AM'),(1005,'2017-01-20 00:00:00','DB','1100102207621','AM'),(1006,'2017-01-20 00:00:00','DB','1100105475231','AM'),(1007,'2017-01-20 00:00:00','DB','1100105475231','AM'),(1008,'2017-01-20 00:00:00','DB','1100105475231','AM'),(1009,'2017-01-20 00:00:00','DB','1100105475231','AM'),(1010,'2017-01-20 00:00:00','DB','1100102207621','AM'),(1011,'2017-01-20 00:00:00','DB','1100105475231','AM'),(1012,'2017-01-20 00:00:00','DB','1100101590211','AM'),(1013,'2017-01-20 00:00:00','DB','1100102207621','AM'),(1014,'2017-01-20 00:00:00','DB','1100102207621','AM'),(1015,'2017-01-20 00:00:00','DB','1100102207621','AM'),(1016,'2017-01-20 00:00:00','DB','1100102207621','AM'),(1017,'2017-01-20 00:00:00','DB','1100102207621','AM'),(1018,'2017-01-20 00:00:00','DB','1100105475231','AM'),(1019,'2017-01-20 00:00:00','DB','1100102207621','AM'),(1020,'2017-01-20 00:00:00','DB','1100103493806','AM'),(1021,'2017-01-20 00:00:00','DB','1100105475231','AM'),(1022,'2017-01-20 00:00:00','DB','1100101590211','AM'),(1023,'2017-01-20 00:00:00','DB','1100105475231','AM'),(1024,'2017-01-20 00:00:00','DB','1100103493806','AM'),(1025,'2017-01-20 00:00:00','DB','1100103493806','AM'),(1026,'2017-01-20 00:00:00','DB','1100105475231','AM'),(1027,'2017-01-20 00:00:00','DB','1100105475231','AM'),(1028,'2017-01-20 00:00:00','DB','1100105475231','AM'),(1029,'2017-01-20 00:00:00','DB','1100105475231','AM'),(1030,'2017-01-21 00:00:00','DB','1100102207621','AM'),(1031,'2017-01-21 00:00:00','DB','1100103493806','AM'),(1032,'2017-01-21 00:00:00','DB','1100105475231','AM'),(1033,'2017-01-21 00:00:00','DB','1100102207621','AM'),(1034,'2017-01-21 00:00:00','DB','1100105475231','AM'),(1035,'2017-01-21 00:00:00','DB','1100105475231','AM'),(1036,'2017-01-21 00:00:00','DB','1100102207621','AM'),(1037,'2017-01-21 00:00:00','DB','1100102207621','AM'),(1038,'2017-01-21 00:00:00','DB','1100105475231','AM'),(1039,'2017-01-21 00:00:00','DB','1100105475231','AM'),(1040,'2017-01-21 00:00:00','DB','1100102207621','AM'),(1041,'2017-01-21 00:00:00','DB','1100103493806','AM'),(1042,'2017-01-21 00:00:00','DB','1100102207621','AM'),(1043,'2017-01-21 00:00:00','DB','1100102207621','AM'),(1044,'2017-01-21 00:00:00','DB','1100105475231','AM'),(1045,'2017-01-21 00:00:00','DB','1100105475231','AM'),(1046,'2017-01-21 00:00:00','DB','1100102207621','AM'),(1047,'2017-01-21 00:00:00','DB','1100105475231','AM'),(1048,'2017-01-21 00:00:00','DB','1100102207621','AM'),(1049,'2017-01-21 00:00:00','DB','1100101590211','AM'),(1050,'2017-01-21 00:00:00','DB','1100102207621','AM'),(1051,'2017-01-21 00:00:00','DB','1100102207621','AM'),(1052,'2017-01-21 00:00:00','DB','1100102207621','AM'),(1053,'2017-01-21 00:00:00','DB','1100105475231','AM'),(1054,'2017-01-21 00:00:00','DB','1100105475231','AM'),(1055,'2017-01-21 00:00:00','DB','1100103493806','AM'),(1056,'2017-01-21 00:00:00','DB','1100103493806','AM'),(1057,'2017-01-21 00:00:00','DB','1100102207621','AM'),(1058,'2017-01-21 00:00:00','DB','1100103493806','AM'),(1059,'2017-01-21 00:00:00','DB','1100102207621','AM'),(1060,'2017-01-21 00:00:00','DB','1100105475231','AM'),(1061,'2017-01-21 00:00:00','DB','1100102207621','AM'),(1062,'2017-01-21 00:00:00','DB','1100101590211','AM'),(1063,'2017-01-21 00:00:00','DB','1100105475231','AM'),(1064,'2017-01-21 00:00:00','DB','1100105475231','AM'),(1065,'2017-01-21 00:00:00','DB','1100103493806','AM'),(1066,'2017-01-21 00:00:00','DB','1100105475231','AM'),(1067,'2017-01-21 00:00:00','DB','1100105475231','AM'),(1068,'2017-01-23 00:00:00','DB','1100102207621','AM'),(1069,'2017-01-23 00:00:00','DB','1100102207621','AM'),(1070,'2017-01-23 00:00:00','DB','1100105475231','AM'),(1071,'2017-01-23 00:00:00','DB','1100102207621','AM'),(1072,'2017-01-23 00:00:00','DB','1100105475231','AM'),(1073,'2017-01-23 00:00:00','DB','1100102207621','AM'),(1074,'2017-01-23 00:00:00','DB','1100105475231','AM'),(1075,'2017-01-23 00:00:00','DB','1100105475231','AM'),(1076,'2017-01-23 00:00:00','DB','1100102207621','AM'),(1077,'2017-01-23 00:00:00','DB','1100102207621','AM'),(1078,'2017-01-23 00:00:00','DB','1100102207621','AM'),(1079,'2017-01-23 00:00:00','DB','1100105475231','AM'),(1080,'2017-01-23 00:00:00','DB','1100105475231','AM'),(1081,'2017-01-23 00:00:00','DB','1100105475231','AM'),(1082,'2017-01-23 00:00:00','DB','1100105475231','AM'),(1083,'2017-01-23 00:00:00','DB','1100105475231','AM'),(1084,'2017-01-23 00:00:00','DB','1100102207621','AM'),(1085,'2017-01-23 00:00:00','DB','1100105475231','AM'),(1086,'2017-01-23 00:00:00','DB','1100105475231','AM'),(1087,'2017-01-23 00:00:00','DB','1100101445450','AM'),(1088,'2017-01-23 00:00:00','DB','1100105475231','AM'),(1089,'2017-01-23 00:00:00','DB','1100103493806','AM'),(1090,'2017-01-23 00:00:00','DB','1100103493806','AM'),(1091,'2017-01-23 00:00:00','DB','1100102207621','AM'),(1092,'2017-01-23 00:00:00','DB','1100102207621','AM'),(1093,'2017-01-23 00:00:00','DB','1100105475231','AM'),(1094,'2017-01-23 00:00:00','DB','1100105475231','AM'),(1095,'2017-01-23 00:00:00','DB','1100102207621','AM'),(1096,'2017-01-23 00:00:00','DB','1100105475231','AM'),(1097,'2017-01-23 00:00:00','DB','1100102207621','AM'),(1098,'2017-01-23 00:00:00','DB','1100103493806','AM'),(1099,'2017-01-23 00:00:00','DB','1100105475231','AM'),(1100,'2017-01-23 00:00:00','DB','1100102207621','AM'),(1101,'2017-01-23 00:00:00','DB','1100102207621','AM'),(1102,'2017-01-23 00:00:00','DB','1100105475231','AM'),(1103,'2017-01-23 00:00:00','DB','1100102207621','AM'),(1104,'2017-01-23 00:00:00','DB','1100105475231','AM'),(1105,'2017-01-23 00:00:00','DB','1100105475231','AM'),(1106,'2017-01-23 00:00:00','DB','1100101590211','AM'),(1107,'2017-01-24 00:00:00','DB','1100102207621','AM'),(1108,'2017-01-24 00:00:00','DB','1100105475231','AM'),(1109,'2017-01-24 00:00:00','DB','1100102207621','AM'),(1110,'2017-01-24 00:00:00','DB','1100105475231','AM'),(1111,'2017-01-24 00:00:00','DB','1100102207621','AM'),(1112,'2017-01-24 00:00:00','DB','1100102207621','AM'),(1113,'2017-01-24 00:00:00','DB','1100102207621','AM'),(1114,'2017-01-24 00:00:00','DB','1100102207621','AM'),(1115,'2017-01-24 00:00:00','DB','1100105475231','AM'),(1116,'2017-01-24 00:00:00','DB','1100105475231','AM'),(1117,'2017-01-24 00:00:00','DB','1100102207621','AM'),(1118,'2017-01-24 00:00:00','DB','1100101590211','AM'),(1119,'2017-01-24 00:00:00','DB','1100105475231','AM'),(1120,'2017-01-24 00:00:00','DB','1100102207621','AM'),(1121,'2017-01-24 00:00:00','DB','1100102207621','AM'),(1122,'2017-01-24 00:00:00','DB','1100105475231','AM'),(1123,'2017-01-24 00:00:00','DB','1100105475231','AM'),(1124,'2017-01-24 00:00:00','DB','1100105475231','AM'),(1125,'2017-01-24 00:00:00','DB','1100102207621','AM'),(1126,'2017-01-24 00:00:00','DB','1100105475231','AM'),(1127,'2017-01-24 00:00:00','DB','1100102207621','AM'),(1128,'2017-01-24 00:00:00','DB','1100105475231','AM'),(1129,'2017-01-24 00:00:00','DB','1100103493806','AM'),(1130,'2017-01-24 00:00:00','DB','1100105475231','AM'),(1131,'2017-01-24 00:00:00','DB','1100103493806','AM'),(1132,'2017-01-24 00:00:00','DB','1100105475231','AM'),(1133,'2017-01-24 00:00:00','DB','1100105475231','AM'),(1134,'2017-01-24 00:00:00','DB','1100102207621','AM'),(1135,'2017-01-24 00:00:00','DB','1100102207621','AM'),(1136,'2017-01-24 00:00:00','DB','1100105475231','AM'),(1137,'2017-01-24 00:00:00','DB','1100102207621','AM'),(1138,'2017-01-24 00:00:00','DB','1100105475231','AM'),(1139,'2017-01-24 00:00:00','DB','1100103493806','AM'),(1140,'2017-01-24 00:00:00','DB','1100101445450','AM'),(1141,'2017-01-24 00:00:00','DB','1100102207621','AM'),(1142,'2017-01-24 00:00:00','DB','1100105475231','AM'),(1143,'2017-01-25 00:00:00','DB','1100102207621','AM'),(1144,'2017-01-25 00:00:00','DB','1100102207621','AM'),(1145,'2017-01-25 00:00:00','DB','1100105475231','AM'),(1146,'2017-01-25 00:00:00','DB','1100105475231','AM'),(1147,'2017-01-25 00:00:00','DB','1100102207621','AM'),(1148,'2017-01-25 00:00:00','DB','1100105475231','AM'),(1149,'2017-01-25 00:00:00','DB','1100101590211','AM'),(1150,'2017-01-25 00:00:00','DB','1100102207621','AM'),(1151,'2017-01-25 00:00:00','DB','1100105475231','AM'),(1152,'2017-01-25 00:00:00','DB','1100102207621','AM'),(1153,'2017-01-25 00:00:00','DB','1100102207621','AM'),(1154,'2017-01-25 00:00:00','DB','1100105475231','AM'),(1155,'2017-01-25 00:00:00','DB','1100102207621','AM'),(1156,'2017-01-25 00:00:00','DB','1100102207621','AM'),(1157,'2017-01-25 00:00:00','DB','1100105475231','AM'),(1158,'2017-01-25 00:00:00','DB','1100102207621','AM'),(1159,'2017-01-25 00:00:00','DB','1100105475231','AM'),(1160,'2017-01-25 00:00:00','DB','1100102207621','AM'),(1161,'2017-01-25 00:00:00','DB','1100102207621','AM'),(1162,'2017-01-25 00:00:00','DB','1100102207621','AM'),(1163,'2017-01-25 00:00:00','DB','1100103493806','AM'),(1164,'2017-01-25 00:00:00','DB','1100105475231','AM'),(1165,'2017-01-25 00:00:00','DB','1100105475231','AM'),(1166,'2017-01-25 00:00:00','DB','1100103493806','AM'),(1167,'2017-01-25 00:00:00','DB','1100103493806','AM'),(1168,'2017-01-25 00:00:00','DB','1100105475231','AM'),(1169,'2017-01-25 00:00:00','DB','1100105475231','AM'),(1170,'2017-01-25 00:00:00','DB','1100105475231','AM'),(1171,'2017-01-25 00:00:00','DB','1100105475231','AM'),(1172,'2017-01-25 00:00:00','DB','1100105475231','AM'),(1173,'2017-01-26 00:00:00','DB','1100102207621','AM'),(1174,'2017-01-26 00:00:00','DB','1100102207621','AM'),(1175,'2017-01-26 00:00:00','DB','1100102207621','AM'),(1176,'2017-01-26 00:00:00','DB','1100105475231','AM'),(1177,'2017-01-26 00:00:00','DB','1100102207621','AM'),(1178,'2017-01-26 00:00:00','DB','1100102207621','AM'),(1179,'2017-01-26 00:00:00','DB','1100105475231','AM'),(1180,'2017-01-26 00:00:00','DB','1100105475231','AM'),(1181,'2017-01-26 00:00:00','DB','1100102207621','AM'),(1182,'2017-01-26 00:00:00','DB','1100102207621','AM'),(1183,'2017-01-26 00:00:00','DB','1100102207621','AM'),(1184,'2017-01-26 00:00:00','DB','1100102207621','AM'),(1185,'2017-01-26 00:00:00','DB','1100105475231','AM'),(1186,'2017-01-26 00:00:00','DB','1100105475231','AM'),(1187,'2017-01-26 00:00:00','DB','1100105475231','AM'),(1188,'2017-01-26 00:00:00','DB','1100105475231','AM'),(1189,'2017-01-26 00:00:00','DB','1100105475231','AM'),(1190,'2017-01-26 00:00:00','DB','1100103493806','AM'),(1191,'2017-01-26 00:00:00','DB','1100102207621','AM'),(1192,'2017-01-26 00:00:00','DB','1100103493806','AM'),(1193,'2017-01-26 00:00:00','DB','1100102207621','AM'),(1194,'2017-01-26 00:00:00','DB','1100103493806','AM'),(1195,'2017-01-26 00:00:00','DB','1100101590211','AM'),(1196,'2017-01-26 00:00:00','DB','1100105475231','AM'),(1197,'2017-01-26 00:00:00','DB','1100105475231','AM'),(1198,'2017-01-26 00:00:00','DB','1100105475231','AM'),(1199,'2017-01-26 00:00:00','DB','1100105475231','AM'),(1200,'2017-01-27 00:00:00','DB','1100102207621','AM'),(1201,'2017-01-27 00:00:00','DB','1100105475231','AM'),(1202,'2017-01-27 00:00:00','DB','1100105475231','AM'),(1203,'2017-01-27 00:00:00','DB','1100105475231','AM'),(1204,'2017-01-27 00:00:00','DB','1100102207621','AM'),(1205,'2017-01-27 00:00:00','DB','1100105475231','AM'),(1206,'2017-01-27 00:00:00','DB','1100102207621','AM'),(1207,'2017-01-27 00:00:00','DB','1100105475231','AM'),(1208,'2017-01-27 00:00:00','DB','1100105475231','AM'),(1209,'2017-01-27 00:00:00','DB','1100102207621','AM'),(1210,'2017-01-27 00:00:00','DB','1100102207621','AM'),(1211,'2017-01-27 00:00:00','DB','1100105475231','AM'),(1212,'2017-01-27 00:00:00','DB','1100105475231','AM'),(1213,'2017-01-27 00:00:00','DB','1100102207621','AM'),(1214,'2017-01-27 00:00:00','DB','1100102207621','AM'),(1215,'2017-01-27 00:00:00','DB','1100101590211','AM'),(1216,'2017-01-27 00:00:00','DB','1100105475231','AM'),(1217,'2017-01-27 00:00:00','DB','1100102207621','AM'),(1218,'2017-01-27 00:00:00','DB','1100102207621','AM'),(1219,'2017-01-27 00:00:00','DB','1100105475231','AM'),(1220,'2017-01-27 00:00:00','DB','1100105475231','AM'),(1221,'2017-01-27 00:00:00','DB','1100105475231','AM'),(1222,'2017-01-27 00:00:00','DB','1100103493806','AM'),(1223,'2017-01-27 00:00:00','DB','1100105475231','AM'),(1224,'2017-01-27 00:00:00','DB','1100105475231','AM'),(1225,'2017-01-27 00:00:00','DB','1100105475231','AM'),(1226,'2017-01-27 00:00:00','DB','1100105475231','AM'),(1227,'2017-01-27 00:00:00','DB','1100105475231','AM'),(1228,'2017-01-27 00:00:00','DB','1100102207621','AM'),(1229,'2017-01-27 00:00:00','DB','1100105475231','AM'),(1230,'2017-01-27 00:00:00','DB','1100103493806','AM'),(1231,'2017-01-27 00:00:00','DB','1100102207621','AM'),(1232,'2017-01-27 00:00:00','DB','1100105475231','AM'),(1233,'2017-01-28 00:00:00','DB','1100105475231','AM'),(1234,'2017-01-28 00:00:00','DB','1100102207621','AM'),(1235,'2017-01-28 00:00:00','DB','1100105475231','AM'),(1236,'2017-01-28 00:00:00','DB','1100102207621','AM'),(1237,'2017-01-28 00:00:00','DB','1100102207621','AM'),(1238,'2017-01-28 00:00:00','DB','1100102207621','AM'),(1239,'2017-01-28 00:00:00','DB','1100102207621','AM'),(1240,'2017-01-28 00:00:00','DB','1100105475231','AM'),(1241,'2017-01-28 00:00:00','DB','1100105475231','AM'),(1242,'2017-01-28 00:00:00','DB','1100102207621','AM'),(1243,'2017-01-28 00:00:00','DB','1100105475231','AM'),(1244,'2017-01-28 00:00:00','DB','1100105475231','AM'),(1245,'2017-01-28 00:00:00','DB','1100102207621','AM'),(1246,'2017-01-28 00:00:00','DB','1100102207621','AM'),(1247,'2017-01-28 00:00:00','DB','1100105475231','AM'),(1248,'2017-01-28 00:00:00','DB','1100103493806','AM'),(1249,'2017-01-28 00:00:00','DB','1100103493806','AM'),(1250,'2017-01-28 00:00:00','DB','1100105475231','AM'),(1251,'2017-01-28 00:00:00','DB','1100102207621','AM'),(1252,'2017-01-28 00:00:00','DB','1100105475231','AM'),(1253,'2017-01-28 00:00:00','DB','1100105475231','AM'),(1254,'2017-01-28 00:00:00','DB','1100105475231','AM'),(1255,'2017-01-28 00:00:00','DB','1100105475231','AM'),(1256,'2017-01-28 00:00:00','DB','1100105475231','AM'),(1257,'2017-01-28 00:00:00','DB','1100103493806','AM'),(1258,'2017-01-28 00:00:00','DB','1100105475231','AM'),(1259,'2017-01-28 00:00:00','DB','1100102207621','AM'),(1260,'2017-01-28 00:00:00','DB','1100105475231','AM'),(1261,'2017-01-28 00:00:00','DB','1100105475231','AM'),(1262,'2017-01-28 00:00:00','DB','1100102207621','AM'),(1263,'2017-01-30 00:00:00','DB','1100105475231','AM'),(1264,'2017-01-30 00:00:00','DB','1100102207621','AM'),(1265,'2017-01-30 00:00:00','DB','1100103493806','AM'),(1266,'2017-01-30 00:00:00','DB','1100103493806','AM'),(1267,'2017-01-30 00:00:00','DB','1100102207621','AM'),(1268,'2017-01-30 00:00:00','DB','1100105475231','AM'),(1269,'2017-01-30 00:00:00','DB','1100102207621','AM'),(1270,'2017-01-30 00:00:00','DB','1100105475231','AM'),(1271,'2017-01-30 00:00:00','DB','1100105475231','AM'),(1272,'2017-01-30 00:00:00','DB','1100105475231','AM'),(1273,'2017-01-30 00:00:00','DB','1100102207621','AM'),(1274,'2017-01-30 00:00:00','DB','1100102207621','AM'),(1275,'2017-01-30 00:00:00','DB','1100105475231','AM'),(1276,'2017-01-30 00:00:00','DB','1100102207621','AM'),(1277,'2017-01-30 00:00:00','DB','1100103493806','AM'),(1278,'2017-01-30 00:00:00','DB','1100105475231','AM'),(1279,'2017-01-30 00:00:00','DB','1100101590211','AM'),(1280,'2017-01-30 00:00:00','DB','1100105475231','AM'),(1281,'2017-01-30 00:00:00','DB','1100103493806','AM'),(1282,'2017-01-30 00:00:00','DB','1100105475231','AM'),(1283,'2017-01-30 00:00:00','DB','1100102207621','AM'),(1284,'2017-01-30 00:00:00','DB','1100102207621','AM'),(1285,'2017-01-30 00:00:00','DB','1100103493806','AM'),(1286,'2017-01-30 00:00:00','DB','1100105475231','AM'),(1287,'2017-01-30 00:00:00','DB','1100105475231','AM'),(1288,'2017-01-30 00:00:00','DB','1100102207621','AM'),(1289,'2017-01-30 00:00:00','DB','1100102207621','AM'),(1290,'2017-01-30 00:00:00','DB','1100103493806','AM'),(1291,'2017-01-30 00:00:00','DB','1100103493806','AM'),(1292,'2017-01-30 00:00:00','DB','1100103493806','AM'),(1293,'2017-01-30 00:00:00','DB','1100102207621','AM'),(1294,'2017-01-30 00:00:00','DB','1100105475231','AM'),(1295,'2017-01-30 00:00:00','DB','1100105475231','AM'),(1296,'2017-01-30 00:00:00','DB','1100102207621','AM'),(1297,'2017-01-30 00:00:00','DB','1100105475231','AM'),(1298,'2017-01-30 00:00:00','DB','1100105475231','AM'),(1299,'2017-01-30 00:00:00','DB','1100105475231','AM'),(1300,'2017-01-31 00:00:00','DB','1100102207621','AM'),(1301,'2017-01-31 00:00:00','DB','1100102207621','AM'),(1302,'2017-01-31 00:00:00','DB','1100103493806','AM'),(1303,'2017-01-31 00:00:00','DB','1100103493806','AM'),(1304,'2017-01-31 00:00:00','DB','1100103493806','AM'),(1305,'2017-01-31 00:00:00','DB','1100105475231','AM'),(1306,'2017-01-31 00:00:00','DB','1100105475231','AM'),(1307,'2017-01-31 00:00:00','DB','1100105475231','AM'),(1308,'2017-01-31 00:00:00','DB','1100103493806','AM'),(1309,'2017-01-31 00:00:00','DB','1100101590211','AM'),(1310,'2017-01-31 00:00:00','DB','1100102207621','AM'),(1311,'2017-01-31 00:00:00','DB','1100102207621','AM'),(1312,'2017-01-31 00:00:00','DB','1100103493806','AM'),(1313,'2017-01-31 00:00:00','DB','1100103493806','AM'),(1314,'2017-01-31 00:00:00','DB','1100103493806','AM'),(1315,'2017-01-31 00:00:00','DB','1100103493806','AM'),(1316,'2017-01-31 00:00:00','DB','1100102207621','AM'),(1317,'2017-01-31 00:00:00','DB','1100105475231','AM'),(1318,'2017-01-31 00:00:00','DB','1100105475231','AM'),(1319,'2017-01-31 00:00:00','DB','1100102207621','AM'),(1320,'2017-01-31 00:00:00','DB','1100101590211','AM'),(1321,'2017-01-31 00:00:00','DB','1100105475231','AM'),(1322,'2017-01-31 00:00:00','DB','1100103493806','AM'),(1323,'2017-01-31 00:00:00','DB','1100102207621','AM'),(1324,'2017-01-31 00:00:00','DB','1100105475231','AM'),(1325,'2017-01-31 00:00:00','DB','1100105475231','AM'),(1326,'2017-01-31 00:00:00','DB','1100102207621','AM'),(1327,'2017-01-31 00:00:00','DB','1100102207621','AM'),(1328,'2017-01-31 00:00:00','DB','1100105475231','AM'),(1329,'2017-01-31 00:00:00','DB','1100102207621','AM'),(1330,'2017-01-31 00:00:00','DB','1100103493806','AM'),(1331,'2017-01-31 00:00:00','DB','1100105475231','AM'),(1332,'2017-01-31 00:00:00','DB','1100105475231','AM'),(1333,'2017-01-31 00:00:00','DB','1100103493806','AM'),(1334,'2017-01-31 00:00:00','DB','1100102207621','AM'),(1335,'2017-01-31 00:00:00','DB','1100102207621','AM'),(1336,'2017-01-31 00:00:00','DB','1100105475231','AM'),(1337,'2017-01-31 00:00:00','DB','1100101445450','AM'),(1338,'2017-01-31 00:00:00','DB','1100105475231','AM'),(1339,'2017-01-31 00:00:00','DB','1100103493806','AM'),(1340,'2017-01-31 00:00:00','DB','1100102207621','AM'),(1341,'2017-01-31 00:00:00','DB','1100105475231','AM'),(1342,'2017-01-31 00:00:00','DB','1100102207621','AM'),(1343,'2017-01-31 00:00:00','DB','1100105475231','AM'),(1344,'2017-01-31 00:00:00','DB','1100105475231','AM'),(1345,'2017-01-31 00:00:00','DB','1100102207621','AM'),(1346,'2017-01-31 00:00:00','DB','1100103493806','AM'),(1347,'2017-01-31 00:00:00','DB','1100105475231','AM'),(1348,'2017-01-31 00:00:00','DB','1100105475231','AM'),(1349,'2017-01-31 00:00:00','DB','1100103493806','AM'),(1350,'2017-01-31 00:00:00','DB','1100103493806','AM'),(1351,'2017-01-31 00:00:00','DB','1100103493806','AM'),(1352,'2017-01-31 00:00:00','DB','1100103493806','AM'),(1353,'2017-02-01 00:00:00','DB','1100103493806','AM'),(1354,'2017-02-01 00:00:00','DB','1100105475231','AM'),(1355,'2017-02-01 00:00:00','DB','1100102207621','AM'),(1356,'2017-02-01 00:00:00','DB','1100103493806','AM'),(1357,'2017-02-01 00:00:00','DB','1100103493806','AM'),(1358,'2017-02-01 00:00:00','DB','1100103493806','AM'),(1359,'2017-02-01 00:00:00','DB','1100102207621','AM'),(1360,'2017-02-01 00:00:00','DB','1100103493806','AM'),(1361,'2017-02-01 00:00:00','DB','1100103493806','AM'),(1362,'2017-02-01 00:00:00','DB','1100103493806','AM'),(1363,'2017-02-01 00:00:00','DB','1100103493806','AM'),(1364,'2017-02-01 00:00:00','DB','1100103493806','AM'),(1365,'2017-02-01 00:00:00','DB','1100103493806','AM'),(1366,'2017-02-01 00:00:00','DB','1100101590211','AM'),(1367,'2017-02-01 00:00:00','DB','1100103493806','AM'),(1368,'2017-02-01 00:00:00','DB','1100105475231','AM'),(1369,'2017-02-01 00:00:00','DB','1100102207621','AM'),(1370,'2017-02-01 00:00:00','DB','1100105475231','AM'),(1371,'2017-02-01 00:00:00','DB','1100103493806','AM'),(1372,'2017-02-01 00:00:00','DB','1100102207621','AM'),(1373,'2017-02-01 00:00:00','DB','1100105475231','AM'),(1374,'2017-02-01 00:00:00','DB','1100102207621','AM'),(1375,'2017-02-01 00:00:00','DB','1100105475231','AM'),(1376,'2017-02-01 00:00:00','DB','1100101445450','AM'),(1377,'2017-02-01 00:00:00','DB','1100102207621','AM'),(1378,'2017-02-01 00:00:00','DB','1100105475231','AM'),(1379,'2017-02-01 00:00:00','DB','1100102207621','AM'),(1380,'2017-02-01 00:00:00','DB','1100105475231','AM'),(1381,'2017-02-01 00:00:00','DB','1100105475231','AM'),(1382,'2017-02-01 00:00:00','DB','1100101590211','AM'),(1383,'2017-02-01 00:00:00','DB','1100103493806','AM'),(1384,'2017-02-01 00:00:00','DB','1100102207621','AM'),(1385,'2017-02-01 00:00:00','DB','1100103493806','AM'),(1386,'2017-02-01 00:00:00','DB','1100103493806','AM'),(1387,'2017-02-01 00:00:00','DB','1100103493806','AM'),(1388,'2017-02-01 00:00:00','DB','1100103493806','AM'),(1389,'2017-02-01 00:00:00','DB','1100103493806','AM'),(1390,'2017-02-01 00:00:00','DB','1100103493806','AM'),(1391,'2017-02-01 00:00:00','DB','1100102207621','AM'),(1392,'2017-02-01 00:00:00','DB','1100105475231','AM'),(1393,'2017-02-01 00:00:00','DB','1100105475231','AM'),(1394,'2017-02-01 00:00:00','DB','1100105475231','AM'),(1395,'2017-02-01 00:00:00','DB','1100105475231','AM'),(1396,'2017-02-01 00:00:00','DB','1100105475231','AM'),(1397,'2017-02-01 00:00:00','DB','1100105475231','AM'),(1398,'2017-02-01 00:00:00','DB','1100103493806','AM'),(1399,'2017-02-01 00:00:00','DB','1100102207621','AM'),(1400,'2017-02-01 00:00:00','DB','1100102207621','AM'),(1401,'2017-02-01 00:00:00','DB','1100105475231','AM'),(1402,'2017-02-01 00:00:00','DB','1100103493806','AM'),(1403,'2017-02-01 00:00:00','DB','1100103493806','AM'),(1404,'2017-02-01 00:00:00','DB','1100103493806','AM'),(1405,'2017-02-01 00:00:00','DB','1100105475231','AM'),(1406,'2017-02-01 00:00:00','DB','1100102207621','AM'),(1407,'2017-02-01 00:00:00','DB','1100102207621','AM'),(1408,'2017-02-01 00:00:00','DB','1100102207621','AM'),(1409,'2017-02-01 00:00:00','DB','1100105475231','AM'),(1410,'2017-02-01 00:00:00','DB','1100105475231','AM'),(1411,'2017-02-01 00:00:00','DB','1100103493806','AM'),(1412,'2017-02-01 00:00:00','DB','1100102207621','AM'),(1413,'2017-02-01 00:00:00','DB','1100103493806','AM'),(1414,'2017-02-01 00:00:00','DB','1100105475231','AM'),(1415,'2017-02-02 00:00:00','DB','1100103493806','AM'),(1416,'2017-02-02 00:00:00','DB','1100103493806','AM'),(1417,'2017-02-02 00:00:00','DB','1100103493806','AM'),(1418,'2017-02-02 00:00:00','DB','1100105475231','AM'),(1419,'2017-02-02 00:00:00','DB','1100102207621','AM'),(1420,'2017-02-02 00:00:00','DB','1100102207621','AM'),(1421,'2017-02-02 00:00:00','DB','1100103493806','AM'),(1422,'2017-02-02 00:00:00','DB','1100105475231','AM'),(1423,'2017-02-02 00:00:00','DB','1100101590211','AM'),(1424,'2017-02-02 00:00:00','DB','1100105475231','AM'),(1425,'2017-02-02 00:00:00','DB','1100103493806','AM'),(1426,'2017-02-02 00:00:00','DB','1100102207621','AM'),(1427,'2017-02-02 00:00:00','DB','1100103493806','AM'),(1428,'2017-02-02 00:00:00','DB','1100103493806','AM'),(1429,'2017-02-02 00:00:00','DB','1100103493806','AM'),(1430,'2017-02-02 00:00:00','DB','1100102207621','AM'),(1431,'2017-02-02 00:00:00','DB','1100102207621','AM'),(1432,'2017-02-02 00:00:00','DB','1100102207621','AM'),(1433,'2017-02-02 00:00:00','DB','1100103493806','AM'),(1434,'2017-02-02 00:00:00','DB','1100103493806','AM'),(1435,'2017-02-02 00:00:00','DB','1100103493806','AM'),(1436,'2017-02-02 00:00:00','DB','1100103493806','AM'),(1437,'2017-02-02 00:00:00','DB','1100103493806','AM'),(1438,'2017-02-02 00:00:00','DB','1100105475231','AM'),(1439,'2017-02-02 00:00:00','DB','1100102207621','AM'),(1440,'2017-02-02 00:00:00','DB','1100102207621','AM'),(1441,'2017-02-02 00:00:00','DB','1100105475231','AM'),(1442,'2017-02-02 00:00:00','DB','1100103493806','AM'),(1443,'2017-02-02 00:00:00','DB','1100105475231','AM'),(1444,'2017-02-02 00:00:00','DB','1100102207621','AM'),(1445,'2017-02-02 00:00:00','DB','1100105475231','AM'),(1446,'2017-02-02 00:00:00','DB','1100105475231','AM'),(1447,'2017-02-02 00:00:00','DB','1100103493806','AM'),(1448,'2017-02-02 00:00:00','DB','1100103493806','AM'),(1449,'2017-02-02 00:00:00','DB','1100105475231','AM'),(1450,'2017-02-02 00:00:00','DB','1100105475231','AM'),(1451,'2017-02-02 00:00:00','DB','1100103493806','AM'),(1452,'2017-02-02 00:00:00','DB','1100105475231','AM'),(1453,'2017-02-02 00:00:00','DB','1100102207621','AM'),(1454,'2017-02-02 00:00:00','DB','1100103493806','AM'),(1455,'2017-02-02 00:00:00','DB','1100102207621','AM'),(1456,'2017-02-02 00:00:00','DB','1100105475231','AM'),(1457,'2017-02-02 00:00:00','DB','1100105475231','AM'),(1458,'2017-02-02 00:00:00','DB','1100105475231','AM'),(1459,'2017-02-02 00:00:00','DB','1100103493806','AM'),(1460,'2017-02-02 00:00:00','DB','1100105475231','AM'),(1461,'2017-02-02 00:00:00','DB','1100105475231','AM'),(1462,'2017-02-02 00:00:00','DB','1100103493806','AM'),(1463,'2017-02-02 00:00:00','DB','1100103493806','AM'),(1464,'2017-02-02 00:00:00','DB','1100102207621','AM'),(1465,'2017-02-02 00:00:00','DB','1100105475231','AM'),(1466,'2017-02-02 00:00:00','DB','1100103493806','AM'),(1467,'2017-02-03 00:00:00','DB','1100102207621','AM'),(1468,'2017-02-03 00:00:00','DB','1100102207621','AM'),(1469,'2017-02-03 00:00:00','DB','1100103493806','AM'),(1470,'2017-02-03 00:00:00','DB','1100105475231','AM'),(1471,'2017-02-03 00:00:00','DB','1100103493806','AM'),(1472,'2017-02-03 00:00:00','DB','1100105475231','AM'),(1473,'2017-02-03 00:00:00','DB','1100102207621','AM'),(1474,'2017-02-03 00:00:00','DB','1100103493806','AM'),(1475,'2017-02-03 00:00:00','DB','1100103493806','AM'),(1476,'2017-02-03 00:00:00','DB','1100102207621','AM'),(1477,'2017-02-03 00:00:00','DB','1100105475231','AM'),(1478,'2017-02-03 00:00:00','DB','1100102207621','AM'),(1479,'2017-02-03 00:00:00','DB','1100105475231','AM'),(1480,'2017-02-03 00:00:00','DB','1100103493806','AM'),(1481,'2017-02-03 00:00:00','DB','1100105475231','AM'),(1482,'2017-02-03 00:00:00','DB','1100105475231','AM'),(1483,'2017-02-03 00:00:00','DB','1100101590211','AM'),(1484,'2017-02-03 00:00:00','DB','1100103493806','AM'),(1485,'2017-02-03 00:00:00','DB','1100102207621','AM'),(1486,'2017-02-03 00:00:00','DB','1100102207621','AM'),(1487,'2017-02-03 00:00:00','DB','1100102207621','AM'),(1488,'2017-02-03 00:00:00','DB','1100103493806','AM'),(1489,'2017-02-03 00:00:00','DB','1100103493806','AM'),(1490,'2017-02-03 00:00:00','DB','1100103493806','AM'),(1491,'2017-02-03 00:00:00','DB','1100103493806','AM'),(1492,'2017-02-03 00:00:00','DB','1100102207621','AM'),(1493,'2017-02-03 00:00:00','DB','1100103493806','AM'),(1494,'2017-02-03 00:00:00','DB','1100103493806','AM'),(1495,'2017-02-03 00:00:00','DB','1100105475231','AM'),(1496,'2017-02-03 00:00:00','DB','1100103493806','AM'),(1497,'2017-02-03 00:00:00','DB','1100103493806','AM'),(1498,'2017-02-03 00:00:00','DB','1100103493806','AM'),(1499,'2017-02-03 00:00:00','DB','1100103493806','AM'),(1500,'2017-02-03 00:00:00','DB','1100103493806','AM'),(1501,'2017-02-03 00:00:00','DB','1100103493806','AM'),(1502,'2017-02-03 00:00:00','DB','1100105475231','AM'),(1503,'2017-02-03 00:00:00','DB','1100105475231','AM'),(1504,'2017-02-03 00:00:00','DB','1100102207621','AM'),(1505,'2017-02-03 00:00:00','DB','1100103493806','AM'),(1506,'2017-02-03 00:00:00','DB','1100103493806','AM'),(1507,'2017-02-03 00:00:00','DB','1100102207621','AM'),(1508,'2017-02-03 00:00:00','DB','1100102207621','AM'),(1509,'2017-02-03 00:00:00','DB','1100105475231','AM'),(1510,'2017-02-03 00:00:00','DB','1100103493806','AM'),(1511,'2017-02-03 00:00:00','DB','1100105475231','AM'),(1512,'2017-02-03 00:00:00','DB','1100103493806','AM'),(1513,'2017-02-03 00:00:00','DB','1100103493806','AM'),(1514,'2017-02-03 00:00:00','DB','1100105475231','AM'),(1515,'2017-02-03 00:00:00','DB','1100103493806','AM'),(1516,'2017-02-03 00:00:00','DB','1100105475231','AM'),(1517,'2017-02-03 00:00:00','DB','1100102207621','AM'),(1518,'2017-02-03 00:00:00','DB','1100103493806','AM'),(1519,'2017-02-03 00:00:00','DB','1100105475231','AM'),(1520,'2017-02-03 00:00:00','DB','1100102207621','AM'),(1521,'2017-02-03 00:00:00','DB','1100105475231','AM'),(1522,'2017-02-03 00:00:00','DB','1100105475231','AM'),(1523,'2017-02-03 00:00:00','DB','1100102207621','AM'),(1524,'2017-02-03 00:00:00','DB','1100102207621','AM'),(1525,'2017-02-03 00:00:00','DB','1100103493806','AM'),(1526,'2017-02-03 00:00:00','DB','1100103493806','AM'),(1527,'2017-02-03 00:00:00','DB','1100103493806','AM'),(1528,'2017-02-03 00:00:00','DB','1100103493806','AM');
/*!40000 ALTER TABLE `attendancerecord` ENABLE KEYS */;
UNLOCK TABLES;

--
-- Table structure for table `authorities`
--

DROP TABLE IF EXISTS `authorities`;
/*!40101 SET @saved_cs_client     = @@character_set_client */;
/*!40101 SET character_set_client = utf8 */;
CREATE TABLE `authorities` (
  `username` varchar(50) NOT NULL,
  `authority` varchar(50) NOT NULL,
  UNIQUE KEY `ix_auth_username` (`username`,`authority`),
  CONSTRAINT `fk_authorities_users` FOREIGN KEY (`username`) REFERENCES `users` (`username`)
) ENGINE=InnoDB DEFAULT CHARSET=utf8;
/*!40101 SET character_set_client = @saved_cs_client */;

--
-- Dumping data for table `authorities`
--

LOCK TABLES `authorities` WRITE;
/*!40000 ALTER TABLE `authorities` DISABLE KEYS */;
/*!40000 ALTER TABLE `authorities` ENABLE KEYS */;
UNLOCK TABLES;

--
-- Table structure for table `course`
--

DROP TABLE IF EXISTS `course`;
/*!40101 SET @saved_cs_client     = @@character_set_client */;
/*!40101 SET character_set_client = utf8 */;
CREATE TABLE `course` (
  `courseId` varchar(255) NOT NULL,
  `coursenName` varchar(255) DEFAULT NULL,
  `description` longtext,
  PRIMARY KEY (`courseId`)
) ENGINE=InnoDB DEFAULT CHARSET=utf8;
/*!40101 SET character_set_client = @saved_cs_client */;

--
-- Dumping data for table `course`
--

LOCK TABLES `course` WRITE;
/*!40000 ALTER TABLE `course` DISABLE KEYS */;
INSERT INTO `course` VALUES ('CS401','Modern Programming Practices',NULL),('CS544','Enterprise Architecture',NULL);
/*!40000 ALTER TABLE `course` ENABLE KEYS */;
UNLOCK TABLES;

--
-- Table structure for table `courseoffering`
--

DROP TABLE IF EXISTS `courseoffering`;
/*!40101 SET @saved_cs_client     = @@character_set_client */;
/*!40101 SET character_set_client = utf8 */;
CREATE TABLE `courseoffering` (
  `courseOfferingId` varchar(255) NOT NULL,
  `endDate` datetime DEFAULT NULL,
  `startDate` datetime DEFAULT NULL,
  `course_Id` varchar(255) DEFAULT NULL,
  PRIMARY KEY (`courseOfferingId`),
  KEY `FK_2nmtmit581g0fidgevim728vh` (`course_Id`),
  CONSTRAINT `FK_2nmtmit581g0fidgevim728vh` FOREIGN KEY (`course_Id`) REFERENCES `course` (`courseId`)
) ENGINE=InnoDB DEFAULT CHARSET=utf8;
/*!40101 SET character_set_client = @saved_cs_client */;

--
-- Dumping data for table `courseoffering`
--

LOCK TABLES `courseoffering` WRITE;
/*!40000 ALTER TABLE `courseoffering` DISABLE KEYS */;
INSERT INTO `courseoffering` VALUES ('CS544-2016-09A-09D','2016-10-01 00:00:00','2016-09-05 00:00:00','CS544'),('CS544-2017-01A-01D','2017-02-09 00:00:00','2017-01-16 00:00:00','CS544');
/*!40000 ALTER TABLE `courseoffering` ENABLE KEYS */;
UNLOCK TABLES;

--
-- Table structure for table `csession`
--

DROP TABLE IF EXISTS `csession`;
/*!40101 SET @saved_cs_client     = @@character_set_client */;
/*!40101 SET character_set_client = utf8 */;
CREATE TABLE `csession` (
  `id` bigint(20) NOT NULL AUTO_INCREMENT,
  `date` datetime DEFAULT NULL,
  `offeringId` varchar(255) DEFAULT NULL,
  `timeslotId` varchar(255) DEFAULT NULL,
  PRIMARY KEY (`id`),
  KEY `FK_q02ea2x8nticbilwvx3h5yn6x` (`offeringId`),
  KEY `FK_p0amwxeukx9lksvxqp07slveh` (`timeslotId`),
  CONSTRAINT `FK_p0amwxeukx9lksvxqp07slveh` FOREIGN KEY (`timeslotId`) REFERENCES `timeslot` (`abbrv`),
  CONSTRAINT `FK_q02ea2x8nticbilwvx3h5yn6x` FOREIGN KEY (`offeringId`) REFERENCES `courseoffering` (`courseOfferingId`)
) ENGINE=InnoDB AUTO_INCREMENT=23 DEFAULT CHARSET=utf8;
/*!40101 SET character_set_client = @saved_cs_client */;

--
-- Dumping data for table `csession`
--

LOCK TABLES `csession` WRITE;
/*!40000 ALTER TABLE `csession` DISABLE KEYS */;
INSERT INTO `csession` VALUES (1,'2017-01-16 00:00:00','CS544-2017-01A-01D','AM'),(2,'2017-01-16 00:00:00','CS544-2017-01A-01D','PM'),(3,'2017-01-17 00:00:00','CS544-2017-01A-01D','AM'),(4,'2017-01-17 00:00:00','CS544-2017-01A-01D','PM'),(5,'2017-01-18 00:00:00','CS544-2017-01A-01D','AM'),(6,'2017-01-18 00:00:00','CS544-2017-01A-01D','PM'),(7,'2017-01-19 00:00:00','CS544-2017-01A-01D','AM'),(8,'2017-01-19 00:00:00','CS544-2017-01A-01D','PM'),(9,'2017-01-20 00:00:00','CS544-2017-01A-01D','AM'),(10,'2017-01-20 00:00:00','CS544-2017-01A-01D','PM'),(11,'2017-01-21 00:00:00','CS544-2017-01A-01D','AM'),(12,'2017-01-21 00:00:00','CS544-2017-01A-01D','PM'),(13,'2017-01-22 00:00:00','CS544-2017-01A-01D','AM'),(14,'2017-01-22 00:00:00','CS544-2017-01A-01D','PM'),(15,'2017-01-23 00:00:00','CS544-2017-01A-01D','AM'),(16,'2017-01-23 00:00:00','CS544-2017-01A-01D','PM'),(17,'2017-01-24 00:00:00','CS544-2017-01A-01D','AM'),(18,'2017-01-24 00:00:00','CS544-2017-01A-01D','PM'),(19,'2017-01-25 00:00:00','CS544-2017-01A-01D','AM'),(20,'2017-01-25 00:00:00','CS544-2017-01A-01D','PM'),(21,'2017-01-26 00:00:00','CS544-2017-01A-01D','AM'),(22,'2017-01-26 00:00:00','CS544-2017-01A-01D','PM');
/*!40000 ALTER TABLE `csession` ENABLE KEYS */;
UNLOCK TABLES;

--
-- Table structure for table `location`
--

DROP TABLE IF EXISTS `location`;
/*!40101 SET @saved_cs_client     = @@character_set_client */;
/*!40101 SET character_set_client = utf8 */;
CREATE TABLE `location` (
  `shortname` varchar(255) NOT NULL,
  `longname` varchar(255) DEFAULT NULL,
  PRIMARY KEY (`shortname`)
) ENGINE=InnoDB DEFAULT CHARSET=utf8;
/*!40101 SET character_set_client = @saved_cs_client */;

--
-- Dumping data for table `location`
--

LOCK TABLES `location` WRITE;
/*!40000 ALTER TABLE `location` DISABLE KEYS */;
INSERT INTO `location` VALUES ('DB','Dalby Hall');
/*!40000 ALTER TABLE `location` ENABLE KEYS */;
UNLOCK TABLES;

--
-- Table structure for table `registration`
--

DROP TABLE IF EXISTS `registration`;
/*!40101 SET @saved_cs_client     = @@character_set_client */;
/*!40101 SET character_set_client = utf8 */;
CREATE TABLE `registration` (
  `id` bigint(20) NOT NULL AUTO_INCREMENT,
  `GPA` double NOT NULL,
  `courseOffering` varchar(255) DEFAULT NULL,
  `student_id` varchar(255) DEFAULT NULL,
  PRIMARY KEY (`id`),
  KEY `FK_n0fcjs9fv7ey8jx15h31tpsa3` (`courseOffering`),
  KEY `FK_2x3j4dh87jqmaocem6njdr57u` (`student_id`),
  CONSTRAINT `FK_2x3j4dh87jqmaocem6njdr57u` FOREIGN KEY (`student_id`) REFERENCES `student` (`barCode`),
  CONSTRAINT `FK_n0fcjs9fv7ey8jx15h31tpsa3` FOREIGN KEY (`courseOffering`) REFERENCES `courseoffering` (`courseOfferingId`)
) ENGINE=InnoDB AUTO_INCREMENT=32 DEFAULT CHARSET=utf8;
/*!40101 SET character_set_client = @saved_cs_client */;

--
-- Dumping data for table `registration`
--

LOCK TABLES `registration` WRITE;
/*!40000 ALTER TABLE `registration` DISABLE KEYS */;
INSERT INTO `registration` VALUES (1,0,'CS544-2017-01A-01D','1100107816179'),(2,0,'CS544-2017-01A-01D','1100102427947'),(3,0,'CS544-2017-01A-01D','1100105329857'),(4,0,'CS544-2017-01A-01D','1100109266172'),(5,0,'CS544-2017-01A-01D','1100106360334'),(6,0,'CS544-2017-01A-01D','1100102207621'),(7,0,'CS544-2017-01A-01D','1100104460437'),(8,0,'CS544-2017-01A-01D','1100105475231'),(9,0,'CS544-2017-01A-01D','1100101590211'),(10,0,'CS544-2017-01A-01D','1100107212854'),(11,0,'CS544-2017-01A-01D','1100103493806'),(12,0,'CS544-2017-01A-01D','1100107460723'),(13,0,'CS544-2017-01A-01D','1100108809975'),(14,0,'CS544-2017-01A-01D','1100108713765'),(15,0,'CS544-2017-01A-01D','1100104927208'),(16,0,'CS544-2017-01A-01D','1100106989229'),(17,0,'CS544-2017-01A-01D','1100109170831'),(18,0,'CS544-2017-01A-01D','1100106157955'),(19,0,'CS544-2017-01A-01D','1100104934903'),(20,0,'CS544-2017-01A-01D','1100105193192'),(21,0,'CS544-2017-01A-01D','1100101995192'),(22,0,'CS544-2017-01A-01D','1100106127909'),(23,0,'CS544-2017-01A-01D','1100108486882'),(24,0,'CS544-2017-01A-01D','1100101445450'),(25,0,'CS544-2017-01A-01D','1100101525137'),(26,0,'CS544-2017-01A-01D','1100104231715'),(27,0,'CS544-2017-01A-01D','1100107048526'),(28,0,'CS544-2017-01A-01D','1100109785686'),(29,0,'CS544-2017-01A-01D','1100101742046'),(30,0,'CS544-2017-01A-01D','1100107714428'),(31,0,'CS544-2017-01A-01D','1100104846477');
/*!40000 ALTER TABLE `registration` ENABLE KEYS */;
UNLOCK TABLES;

--
-- Table structure for table `student`
--

DROP TABLE IF EXISTS `student`;
/*!40101 SET @saved_cs_client     = @@character_set_client */;
/*!40101 SET character_set_client = utf8 */;
CREATE TABLE `student` (
  `barCode` varchar(255) NOT NULL,
  `firstName` varchar(255) NOT NULL,
  `id` bigint(20) NOT NULL,
  `lastName` varchar(255) NOT NULL,
  `studentID` varchar(255) NOT NULL,
  `user_id` bigint(20) DEFAULT NULL,
  PRIMARY KEY (`barCode`),
  KEY `FK_qcqtbi3ccqtq1j3o3a8e3pa4m` (`user_id`),
  CONSTRAINT `FK_qcqtbi3ccqtq1j3o3a8e3pa4m` FOREIGN KEY (`user_id`) REFERENCES `user` (`id`)
) ENGINE=InnoDB DEFAULT CHARSET=utf8;
/*!40101 SET character_set_client = @saved_cs_client */;

--
-- Dumping data for table `student`
--

LOCK TABLES `student` WRITE;
/*!40000 ALTER TABLE `student` DISABLE KEYS */;
INSERT INTO `student` VALUES ('1100101445450','Nolawe Seifu',24,'Woldesemayat','000-98-1224',NULL),('1100101525137','Robel Goitom',25,'Woldu','000-98-1225',NULL),('1100101590211','Bisrat Sisay',9,'Asrat','000-98-1209',2),('1100101742046','Winta Gebretnsae',29,'Hailai','000-98-1229',NULL),('1100101995192','Mussie Kahsai',21,'Ghebregziabher','000-98-1221',NULL),('1100102207621','Ashutosh',6,'Ghimire','000-98-1206',NULL),('1100102427947','Abel Ketsela',2,'Yitayew','000-98-1202',NULL),('1100103493806','Duc Hien',11,'Vo','000-98-1211',NULL),('1100104231715','Samuel Essiet',26,'Gde','000-98-1226',NULL),('1100104460437','Befrdu Seifu',7,'Gebreamlack','000-98-1207',NULL),('1100104846477','Yeneakal Girma',31,'Regassa','000-98-1231',NULL),('1100104927208','Hong An',15,'Nguyen','000-98-1215',NULL),('1100104934903','Krishna Bahadur',19,'Bhat','000-98-1219',NULL),('1100105193192','Michael Fekadu',20,'Kaleab','000-98-1220',NULL),('1100105329857','Abreham Worku',3,'Derso','000-98-1203',NULL),('1100105475231','Bimal',8,'Parajuli','000-98-1208',NULL),('1100106127909','Natei Kebede',22,'Jarso','000-98-1222',NULL),('1100106157955','Kokeb Abera',18,'Beyene','000-98-1218',NULL),('1100106360334','Amanuel',5,'Tekle','000-98-1205',NULL),('1100106989229','Kassa Tilahun',16,'Ayele','000-98-1216',NULL),('1100107048526','Samuel Fentahuen',27,'Zeru','000-98-1227',NULL),('1100107212854','Daniel Tesfu',10,'Kifle','000-98-1210',NULL),('1100107460723','Eyob Tarekegn',12,'Woldeyohannes','000-98-1212',NULL),('1100107714428','Yashika',30,'Goyal','000-98-1230',NULL),('1100107816179','Abebe Tekle',1,'Yalew','000-98-1201',NULL),('1100108486882','Nebeyou Dagnachew',23,'Admasu','000-98-1223',NULL),('1100108713765','HenokTeferi',14,'Micael','000-98-1214',NULL),('1100108809975','Gebreyesus Gebrehiwet',13,'Abraha','000-98-1213',NULL),('1100109170831','Kidist Endale',17,'Deginetu','000-98-1217',NULL),('1100109266172','Abrhaley Mesfin',4,'Aynialem','000-98-1204',NULL),('1100109785686','Thi Luong',28,'Dinh','000-98-1228',NULL),('AAA','Edited',32,'aAAffff','000-00-0000',NULL),('dsadas','da',33,'dassddsadasdsad','000-00-1245',NULL);
/*!40000 ALTER TABLE `student` ENABLE KEYS */;
UNLOCK TABLES;

--
-- Table structure for table `timeslot`
--

DROP TABLE IF EXISTS `timeslot`;
/*!40101 SET @saved_cs_client     = @@character_set_client */;
/*!40101 SET character_set_client = utf8 */;
CREATE TABLE `timeslot` (
  `abbrv` varchar(255) NOT NULL,
  `beginTime` time DEFAULT NULL,
  `description` varchar(255) DEFAULT NULL,
  `endTime` time DEFAULT NULL,
  PRIMARY KEY (`abbrv`)
) ENGINE=InnoDB DEFAULT CHARSET=utf8;
/*!40101 SET character_set_client = @saved_cs_client */;

--
-- Dumping data for table `timeslot`
--

LOCK TABLES `timeslot` WRITE;
/*!40000 ALTER TABLE `timeslot` DISABLE KEYS */;
INSERT INTO `timeslot` VALUES ('AM','09:45:00','Morning','10:30:00'),('PM','13:15:00','Afternoon','14:00:00');
/*!40000 ALTER TABLE `timeslot` ENABLE KEYS */;
UNLOCK TABLES;

--
-- Table structure for table `user`
--

DROP TABLE IF EXISTS `user`;
/*!40101 SET @saved_cs_client     = @@character_set_client */;
/*!40101 SET character_set_client = utf8 */;
CREATE TABLE `user` (
  `id` bigint(20) NOT NULL AUTO_INCREMENT,
  `enabled` tinyint(1) NOT NULL,
  `password` varchar(255) DEFAULT NULL,
  `role` varchar(255) DEFAULT NULL,
  `username` varchar(255) DEFAULT NULL,
  PRIMARY KEY (`id`),
  UNIQUE KEY `UK_jreodf78a7pl5qidfh43axdfb` (`username`)
) ENGINE=InnoDB AUTO_INCREMENT=4 DEFAULT CHARSET=utf8;
/*!40101 SET character_set_client = @saved_cs_client */;

--
-- Dumping data for table `user`
--

LOCK TABLES `user` WRITE;
/*!40000 ALTER TABLE `user` DISABLE KEYS */;
INSERT INTO `user` VALUES (1,1,'admin','ROLE_ADMIN','admin'),(2,1,'student','ROLE_STUDENT','student'),(3,1,'faculty','ROLE_FACULTY','faculty');
/*!40000 ALTER TABLE `user` ENABLE KEYS */;
UNLOCK TABLES;

--
-- Table structure for table `users`
--

DROP TABLE IF EXISTS `users`;
/*!40101 SET @saved_cs_client     = @@character_set_client */;
/*!40101 SET character_set_client = utf8 */;
CREATE TABLE `users` (
  `username` varchar(50) NOT NULL,
  `password` varchar(50) NOT NULL,
  `enabled` tinyint(1) NOT NULL,
  PRIMARY KEY (`username`)
) ENGINE=InnoDB DEFAULT CHARSET=utf8;
/*!40101 SET character_set_client = @saved_cs_client */;

--
-- Dumping data for table `users`
--

LOCK TABLES `users` WRITE;
/*!40000 ALTER TABLE `users` DISABLE KEYS */;
/*!40000 ALTER TABLE `users` ENABLE KEYS */;
UNLOCK TABLES;
/*!40103 SET TIME_ZONE=@OLD_TIME_ZONE */;

/*!40101 SET SQL_MODE=@OLD_SQL_MODE */;
/*!40014 SET FOREIGN_KEY_CHECKS=@OLD_FOREIGN_KEY_CHECKS */;
/*!40014 SET UNIQUE_CHECKS=@OLD_UNIQUE_CHECKS */;
/*!40101 SET CHARACTER_SET_CLIENT=@OLD_CHARACTER_SET_CLIENT */;
/*!40101 SET CHARACTER_SET_RESULTS=@OLD_CHARACTER_SET_RESULTS */;
/*!40101 SET COLLATION_CONNECTION=@OLD_COLLATION_CONNECTION */;
/*!40111 SET SQL_NOTES=@OLD_SQL_NOTES */;

-- Dump completed on 2017-02-09 22:51:29
